"","Shade_tree_species","Section_of_Kaweri","sample_code","Coffee_Variety","Actual_distance_from_shade_tree_m","Shade_tree_Canopy_Cover","Shade_tree_soil_sample_CODE","Longitude","Latitude","Longitude_dd","Latitude_dd","distance_class"
"1","Fn","Kitagweta","FIC1COF1_Kita","Op2",3,38.37,"FIC1_Kita","31° 29′ 7.5″ E","0° 37′ 39.4″ N",31.4854166666667,0.627611111111111,"[0-8]"
"2","Fn","Kitagweta","FIC1COF2_Kita","Op2",12,38.37,"FIC1_Kita","31° 29′ 7.5″ E","0° 37′ 39.4″ N",31.4854166666667,0.627611111111111,"(8-16]"
"3","Fn","Kitagweta","FIC1COF3_Kita","Op2",22,38.37,"FIC1_Kita","31° 29′ 7.5″ E","0° 37′ 39.4″ N",31.4854166666667,0.627611111111111,"(16-22]"
"4","Fn","Kitagweta","FIC4COF1_Kita","Clone C",3,19.49,"FIC4_Kita","31° 28′ 7.5″ E","0° 37′ 38.4″ N",31.46875,0.627333333333333,"[0-8]"
"5","Fn","Kitagweta","FIC4COF2_Kita","Op1",10,19.49,"FIC4_Kita","31° 28′ 7.5″ E","0° 37′ 38.4″ N",31.46875,0.627333333333333,"(8-16]"
"6","Fn","Kitagweta","FIC4COF3_Kita","Clone C",18,19.49,"FIC4_Kita","31° 28′ 7.5″ E","0° 37′ 38.4″ N",31.46875,0.627333333333333,"(16-22]"
"7","Fn","Kitagweta","FIC5COF1_Kita","Clone C",5,21.99,"FIC5_Kita","31° 28′ 8.2″ E","0° 37′ 38.2″ N",31.4689444444444,0.627277777777778,"[0-8]"
"8","Fn","Kitagweta","FIC5COF2_Kita","Clone C",10,21.99,"FIC5_Kita","31° 28′ 8.2″ E","0° 37′ 38.2″ N",31.4689444444444,0.627277777777778,"(8-16]"
"9","Fn","Kitagweta","FIC5COF3_Kita","Op1",20,21.99,"FIC5_Kita","31° 28′ 8.2″ E","0° 37′ 38.2″ N",31.4689444444444,0.627277777777778,"(16-22]"
"10","Fn","Kitagweta","FIC9COF1_Kita","Clone F",5,48.01,"FIC9_Kita","31° 27′ 56.6″ E","0° 37′ 25.2″ N",31.4657222222222,0.623666666666667,"[0-8]"
"11","Fn","Kitagweta","FIC9COF2_Kita","Clone B",10,48.01,"FIC9_Kita","31° 27′ 56.6″ E","0° 37′ 25.2″ N",31.4657222222222,0.623666666666667,"(8-16]"
"12","Fn","Kitagweta","FIC9COF3_Kita","Op1",20,48.01,"FIC9_Kita","31° 27′ 56.6″ E","0° 37′ 25.2″ N",31.4657222222222,0.623666666666667,"(16-22]"
"13","Ac","Kitagweta","ALB5COF1_Kita","Clone B",5,2.95,"ALB5_Kita","31° 28′ 9.2″ E","0° 37′ 34.5″ N",31.4692222222222,0.62625,"[0-8]"
"14","Ac","Kitagweta","ALB5COF2_Kita","Clone C",10,2.95,"ALB5_Kita","31° 28′ 9.2″ E","0° 37′ 34.5″ N",31.4692222222222,0.62625,"(8-16]"
"15","Ac","Kitagweta","ALB5COF3_Kita","Clone B",20,2.95,"ALB5_Kita","31° 28′ 9.2″ E","0° 37′ 34.5″ N",31.4692222222222,0.62625,"(16-22]"
"16","Ac","Kitagweta","ALB6COF1_Kita","Op2",5,0.12,"ALB6_Kita","31° 28′ 17.5″ E","0° 37′ 33.3″ N",31.4715277777778,0.625916666666667,"[0-8]"
"17","Ac","Kitagweta","ALB6COF2_Kita","Op2",10,0.12,"ALB6_Kita","31° 28′ 17.5″ E","0° 37′ 33.3″ N",31.4715277777778,0.625916666666667,"(8-16]"
"18","Ac","Kitagweta","ALB6COF3_Kita","Op2",21,0.12,"ALB6_Kita","31° 28′ 17.5″ E","0° 37′ 33.3″ N",31.4715277777778,0.625916666666667,"(16-22]"
"19","Ac","Kitagweta","ALB7COF1_Kita","Clone C",5,0.74,"ALB7_Kita","31° 28′ 17.1″ E","0° 37′ 32.2″ N",31.4714166666667,0.625611111111111,"[0-8]"
"20","Ac","Kitagweta","ALB7COF2_Kita","Clone A",12,0.74,"ALB7_Kita","31° 28′ 17.1″ E","0° 37′ 32.2″ N",31.4714166666667,0.625611111111111,"(8-16]"
"21","Ac","Kitagweta","ALB7COF3_Kita","Op1",22,0.74,"ALB7_Kita","31° 28′ 17.1″ E","0° 37′ 32.2″ N",31.4714166666667,0.625611111111111,"(16-22]"
"22","Ac","Kitagweta","ALB8COF1_Kita","Op1",3,23.01,"ALB8_Kita","31° 28′ 16.3″ E","0° 37′ 32.1″ N",31.4711944444444,0.625583333333333,"[0-8]"
"23","Ac","Kitagweta","ALB8COF2_Kita","Clone F",10,23.01,"ALB8_Kita","31° 28′ 16.3″ E","0° 37′ 32.1″ N",31.4711944444444,0.625583333333333,"(8-16]"
"24","Ac","Kitagweta","ALB8COF3_Kita","Clone B",19,23.01,"ALB8_Kita","31° 28′ 16.3″ E","0° 37′ 32.1″ N",31.4711944444444,0.625583333333333,"(16-22]"
"25","Ac","Kitagweta","ALB9COF1_Kita","Op1",5,16.65,"ALB9_Kita","31° 28′ 32″ E","0° 37′ 30.7″ N",31.4755555555556,0.625194444444444,"[0-8]"
"26","Ac","Kitagweta","ALB9COF2_Kita","Clone B",12,16.65,"ALB9_Kita","31° 28′ 32″ E","0° 37′ 30.7″ N",31.4755555555556,0.625194444444444,"(8-16]"
"27","Ac","Kitagweta","ALB9COF3_Kita","Clone B",20,16.65,"ALB9_Kita","31° 28′ 32″ E","0° 37′ 30.7″ N",31.4755555555556,0.625194444444444,"(16-22]"
"28","Ac","Kitagweta","ALB10COF1_Kita","Op2",3,0.04,"ALB10_Kita","31° 28′ 26″ E","0° 37′ 30.6″ N",31.4738888888889,0.625166666666667,"[0-8]"
"29","Ac","Kitagweta","ALB10COF2_Kita","Op2",9,0.04,"ALB10_Kita","31° 28′ 26″ E","0° 37′ 30.6″ N",31.4738888888889,0.625166666666667,"(8-16]"
"30","Ac","Kitagweta","ALB10COF3_Kita","Op2",20,0.04,"ALB10_Kita","31° 28′ 26″ E","0° 37′ 30.6″ N",31.4738888888889,0.625166666666667,"(16-22]"
"31","Ah","Kitagweta","JAC6COF1_Kita","Clone A",5,21.62,"JAC6_Kita","31° 28′ 34.5″ E","0° 37′ 29.2″ N",31.47625,0.624777777777778,"[0-8]"
"32","Ah","Kitagweta","JAC6COF2_Kita","Clone C",10,21.62,"JAC6_Kita","31° 28′ 34.5″ E","0° 37′ 29.2″ N",31.47625,0.624777777777778,"(8-16]"
"33","Ah","Kitagweta","JAC6COF3_Kita","Clone B",21,21.62,"JAC6_Kita","31° 28′ 34.5″ E","0° 37′ 29.2″ N",31.47625,0.624777777777778,"(16-22]"
"34","Ah","Kitagweta","JAC7COF1_Kita","Clone C",3,51.46,"JAC7_Kita","31° 28′ 17.1″ E","0° 37′ 32.1″ N",31.4714166666667,0.625583333333333,"[0-8]"
"35","Ah","Kitagweta","JAC7COF2_Kita","Clone A",10,51.46,"JAC7_Kita","31° 28′ 17.1″ E","0° 37′ 32.1″ N",31.4714166666667,0.625583333333333,"(8-16]"
"36","Ah","Kitagweta","JAC7COF3_Kita","Clone A",20,51.46,"JAC7_Kita","31° 28′ 17.1″ E","0° 37′ 32.1″ N",31.4714166666667,0.625583333333333,"(16-22]"
"37","Ah","Kitagweta","JAC14COF1_Kita","Clone B",6,36.39,"JAC14_Kita","31° 27′ 58.5″ E","0° 37′ 26.5″ N",31.46625,0.624027777777778,"[0-8]"
"38","Ah","Kitagweta","JAC14COF2_Kita","Clone B",10,36.39,"JAC14_Kita","31° 27′ 58.5″ E","0° 37′ 26.5″ N",31.46625,0.624027777777778,"(8-16]"
"39","Ah","Kitagweta","JAC14COF3_Kita","Clone B",21,36.39,"JAC14_Kita","31° 27′ 58.5″ E","0° 37′ 26.5″ N",31.46625,0.624027777777778,"(16-22]"
"40","Ah","Kitagweta","JAC15COF1_Kita","Clone F",5,41.98,"JAC15_Kita","31° 27′ 55.2″ E","0° 37′ 25.7″ N",31.4653333333333,0.623805555555556,"[0-8]"
"41","Ah","Kitagweta","JAC15COF2_Kita","Clone A",10,41.98,"JAC15_Kita","31° 27′ 55.2″ E","0° 37′ 25.7″ N",31.4653333333333,0.623805555555556,"(8-16]"
"42","Ah","Kitagweta","JAC15COF3_Kita","Clone F",20,41.98,"JAC15_Kita","31° 27′ 55.2″ E","0° 37′ 25.7″ N",31.4653333333333,0.623805555555556,"(16-22]"
"43","Pa","Kitagweta","AVO5COF1_Kita","Op1",3,0.26,"AVO5_Kita","31° 28′ 35″ E","0° 37′ 30.5″ N",31.4763888888889,0.625138888888889,"[0-8]"
"44","Pa","Kitagweta","AVO5COF2_Kita","Clone F",11,0.26,"AVO5_Kita","31° 28′ 35″ E","0° 37′ 30.5″ N",31.4763888888889,0.625138888888889,"(8-16]"
"45","Pa","Kitagweta","AVO5COF3_Kita","Clone A",20,0.26,"AVO5_Kita","31° 28′ 35″ E","0° 37′ 30.5″ N",31.4763888888889,0.625138888888889,"(16-22]"
"46","Pa","Kitagweta","AVO6COF1_Kita","Clone A",5,1.04,"AVO6_Kita","31° 28′ 33.9″ E","0° 37′ 29.7″ N",31.4760833333333,0.624916666666667,"[0-8]"
"47","Pa","Kitagweta","AVO6COF2_Kita","Clone B",11,1.04,"AVO6_Kita","31° 28′ 33.9″ E","0° 37′ 29.7″ N",31.4760833333333,0.624916666666667,"(8-16]"
"48","Pa","Kitagweta","AVO6COF3_Kita","Clone C",21,1.04,"AVO6_Kita","31° 28′ 33.9″ E","0° 37′ 29.7″ N",31.4760833333333,0.624916666666667,"(16-22]"
"49","Pa","Kitagweta","AVO10COF1_Kita","Clone C",5,4.62,"AVO10_Kita","31° 27′ 55.6″ E","0° 37′ 26.1″ N",31.4654444444444,0.623916666666667,"[0-8]"
"50","Pa","Kitagweta","AVO10COF2_Kita","Op1",10,4.62,"AVO10_Kita","31° 27′ 55.6″ E","0° 37′ 26.1″ N",31.4654444444444,0.623916666666667,"(8-16]"
"51","Pa","Kitagweta","AVO10COF3_Kita","Clone A",22,4.62,"AVO10_Kita","31° 27′ 55.6″ E","0° 37′ 26.1″ N",31.4654444444444,0.623916666666667,"(16-22]"
"52","Pa","Kitagweta","AVO11COF1_Kita","Clone H",5,7.53,"AVO11_Kita","31° 27′ 55.6″ E","0° 37′ 26.1″ N",31.4654444444444,0.623916666666667,"[0-8]"
"53","Pa","Kitagweta","AVO11COF2_Kita","Clone D",11,7.53,"AVO11_Kita","31° 27′ 55.6″ E","0° 37′ 26.1″ N",31.4654444444444,0.623916666666667,"(8-16]"
"54","Pa","Kitagweta","AVO11COF3_Kita","Clone A",20,7.53,"AVO11_Kita","31° 27′ 55.6″ E","0° 37′ 26.1″ N",31.4654444444444,0.623916666666667,"(16-22]"
"55","Fn","Kitemba","FIC3COF1_Kite","Op2",3,40.4,"FIC3_Kite","31° 30′ 37.5″ E","0° 46′ 30.9″ N",31.5104166666667,0.77525,"[0-8]"
"56","Fn","Kitemba","FIC3COF2_Kite","Op2",11,40.4,"FIC3_Kite","31° 30′ 37.5″ E","0° 46′ 30.9″ N",31.5104166666667,0.77525,"(8-16]"
"57","Fn","Kitemba","FIC3COF3_Kite","Op2",20,40.4,"FIC3_Kite","31° 30′ 37.5″ E","0° 46′ 30.9″ N",31.5104166666667,0.77525,"(16-22]"
"58","Fn","Kitemba","FIC10COF1_Kite","Clone A",5,26.45,"FIC10_Kite","31° 28′ 3.8″ E","0° 37′ 52.5″ N",31.4677222222222,0.63125,"[0-8]"
"59","Fn","Kitemba","FIC10COF2_Kite","Clone F",11,26.45,"FIC10_Kite","31° 28′ 3.8″ E","0° 37′ 52.5″ N",31.4677222222222,0.63125,"(8-16]"
"60","Fn","Kitemba","FIC10COF3_Kite","Clone A",20,26.45,"FIC10_Kite","31° 28′ 3.8″ E","0° 37′ 52.5″ N",31.4677222222222,0.63125,"(16-22]"
"61","Fn","Kitemba","FIC11COF1_Kite","Op1",5,48.18,"FIC11_Kite","31° 28′ 4.8″ E","0° 37′ 52.4″ N",31.468,0.631222222222222,"[0-8]"
"62","Fn","Kitemba","FIC11COF2_Kite","Clone A",10,48.18,"FIC11_Kite","31° 28′ 4.8″ E","0° 37′ 52.4″ N",31.468,0.631222222222222,"(8-16]"
"63","Fn","Kitemba","FIC11COF3_Kite","Clone F",20,48.18,"FIC11_Kite","31° 28′ 4.8″ E","0° 37′ 52.4″ N",31.468,0.631222222222222,"(16-22]"
"64","Fn","Kitemba","FIC12COF1_Kite","Op1",4,51.29,"FIC12_Kite","31° 28′ 6.4″ E","0° 37′ 51.5″ N",31.4684444444444,0.630972222222222,"[0-8]"
"65","Fn","Kitemba","FIC12COF2_Kite","Clone B",10,51.29,"FIC12_Kite","31° 28′ 6.4″ E","0° 37′ 51.5″ N",31.4684444444444,0.630972222222222,"(8-16]"
"66","Fn","Kitemba","FIC12COF3_Kite","Clone C",20,51.29,"FIC12_Kite","31° 28′ 6.4″ E","0° 37′ 51.5″ N",31.4684444444444,0.630972222222222,"(16-22]"
"67","Ac","Kitemba","ALB4COF1_Kite","Op1",5,65.26,"ALB4_Kite","31° 29′ 6.4″ E","0° 37′ 53.5″ N",31.4851111111111,0.631527777777778,"[0-8]"
"68","Ac","Kitemba","ALB4COF2_Kite","Op1",10,65.26,"ALB4_Kite","31° 29′ 6.4″ E","0° 37′ 53.5″ N",31.4851111111111,0.631527777777778,"(8-16]"
"69","Ac","Kitemba","ALB4COF3_Kite","Clone F",20,65.26,"ALB4_Kite","31° 29′ 6.4″ E","0° 37′ 53.5″ N",31.4851111111111,0.631527777777778,"(16-22]"
"70","Ac","Kitemba","ALB17COF1_Kite","Op1",5,1.61,"ALB17_Kite","31° 26′ 51.3″ E","0° 38′ 56.8″ N",31.4475833333333,0.649111111111111,"[0-8]"
"71","Ac","Kitemba","ALB17COF2_Kite","Clone A",11,1.61,"ALB17_Kite","31° 26′ 51.3″ E","0° 38′ 56.8″ N",31.4475833333333,0.649111111111111,"(8-16]"
"72","Ac","Kitemba","ALB17COF3_Kite","Clone A",20,1.61,"ALB17_Kite","31° 26′ 51.3″ E","0° 38′ 56.8″ N",31.4475833333333,0.649111111111111,"(16-22]"
"73","Ac","Kitemba","ALB18COF1_Kite","Clone C",5,0.85,"ALB18_Kite","31° 28′ 3.4″ E","0° 37′ 34.8″ N",31.4676111111111,0.626333333333333,"[0-8]"
"74","Ac","Kitemba","ALB18COF2_Kite","Clone A",10,0.85,"ALB18_Kite","31° 28′ 3.4″ E","0° 37′ 34.8″ N",31.4676111111111,0.626333333333333,"(8-16]"
"75","Ac","Kitemba","ALB18COF3_Kite","Clone B",22,0.85,"ALB18_Kite","31° 28′ 3.4″ E","0° 37′ 34.8″ N",31.4676111111111,0.626333333333333,"(16-22]"
"76","Ac","Kitemba","ALB19COF1_Kite","Op1",5,11.59,"ALB19_Kite","31° 27’ 52.99″ E","0° 37’ 35.94″ N",31.4647194444444,0.62665,"[0-8]"
"77","Ac","Kitemba","ALB19COF2_Kite","Op1",10,11.59,"ALB19_Kite","31° 27’ 52.99″ E","0° 37’ 35.94″ N",31.4647194444444,0.62665,"(8-16]"
"78","Ac","Kitemba","ALB19COF3_Kite","Op1",20,11.59,"ALB19_Kite","31° 27’ 52.99″ E","0° 37’ 35.94″ N",31.4647194444444,0.62665,"(16-22]"
"79","Ac","Kitemba","ALB20COF1_Kite","Clone B",5,0.38,"ALB20_Kite","31° 27’ 51.12″ E","0° 37’ 35.87″ N",31.4642,0.626630555555556,"[0-8]"
"80","Ac","Kitemba","ALB20COF2_Kite","Clone A",11,0.38,"ALB20_Kite","31° 27’ 51.12″ E","0° 37’ 35.87″ N",31.4642,0.626630555555556,"(8-16]"
"81","Ac","Kitemba","ALB20COF3_Kite","Clone D",20,0.38,"ALB20_Kite","31° 27’ 51.12″ E","0° 37’ 35.87″ N",31.4642,0.626630555555556,"(16-22]"
"82","Ah","Kitemba","JAC1COF1_Kite","Clone A",5,66.93,"JAC1_Kite","31° 28′ 22.2″ E","0° 36′ 60″ N",31.4728333333333,0.616666666666667,"[0-8]"
"83","Ah","Kitemba","JAC1COF2_Kite","Clone B",11,66.93,"JAC1_Kite","31° 28′ 22.2″ E","0° 36′ 60″ N",31.4728333333333,0.616666666666667,"(8-16]"
"84","Ah","Kitemba","JAC1COF3_Kite","Clone C",20,66.93,"JAC1_Kite","31° 28′ 22.2″ E","0° 36′ 60″ N",31.4728333333333,0.616666666666667,"(16-22]"
"85","Ah","Kitemba","JAC2COF1_Kite","Clone C",0,33.03,"JAC2_Kite","31° 28′ 24.3″ E","0° 37′ 1.1″ N",31.4734166666667,0.616972222222222,"[0-8]"
"86","Ah","Kitemba","JAC2COF2_Kite","Clone B",10,33.03,"JAC2_Kite","31° 28′ 24.3″ E","0° 37′ 1.1″ N",31.4734166666667,0.616972222222222,"(8-16]"
"87","Ah","Kitemba","JAC2COF3_Kite","Op1",20,33.03,"JAC2_Kite","31° 28′ 24.3″ E","0° 37′ 1.1″ N",31.4734166666667,0.616972222222222,"(16-22]"
"88","Ah","Kitemba","JAC3COF1_Kite","Clone B",3,31.22,"JAC3_Kite","31° 28′ 22.4″ E","0° 37′ 2.5″ N",31.4728888888889,0.617361111111111,"[0-8]"
"89","Ah","Kitemba","JAC3COF2_Kite","Clone C",12,31.22,"JAC3_Kite","31° 28′ 22.4″ E","0° 37′ 2.5″ N",31.4728888888889,0.617361111111111,"(8-16]"
"90","Ah","Kitemba","JAC3COF3_Kite","Clone C",20,31.22,"JAC3_Kite","31° 28′ 22.4″ E","0° 37′ 2.5″ N",31.4728888888889,0.617361111111111,"(16-22]"
"91","Ah","Kitemba","JAC5COF1_Kite","Clone B",5,65.88,"JAC5_Kite","31° 28′ 21″ E","0° 37′ 5″ N",31.4725,0.618055555555556,"[0-8]"
"92","Ah","Kitemba","JAC5COF2_Kite","Clone F",10,65.88,"JAC5_Kite","31° 28′ 21″ E","0° 37′ 5″ N",31.4725,0.618055555555556,"(8-16]"
"93","Ah","Kitemba","JAC5COF3_Kite","Clone A",20,65.88,"JAC5_Kite","31° 28′ 21″ E","0° 37′ 5″ N",31.4725,0.618055555555556,"(16-22]"
"94","Pa","Kitemba","AVO3COF1_Kite","Clone H",5,23.36,"AVO3_Kite","31° 28′ 22.5″ E","0° 36′ 57.7″ N",31.4729166666667,0.616027777777778,"[0-8]"
"95","Pa","Kitemba","AVO3COF2_Kite","Clone C",10,23.36,"AVO3_Kite","31° 28′ 22.5″ E","0° 36′ 57.7″ N",31.4729166666667,0.616027777777778,"(8-16]"
"96","Pa","Kitemba","AVO3COF3_Kite","Clone F",20,23.36,"AVO3_Kite","31° 28′ 22.5″ E","0° 36′ 57.7″ N",31.4729166666667,0.616027777777778,"(16-22]"
"97","Pa","Kitemba","AVO4COF1_Kite","Op2",5,20.5,"AVO4_Kite","31° 28′ 22″ E","0° 37′ 1.3″ N",31.4727777777778,0.617027777777778,"[0-8]"
"98","Pa","Kitemba","AVO4COF2_Kite","Op2",10,20.5,"AVO4_Kite","31° 28′ 22″ E","0° 37′ 1.3″ N",31.4727777777778,0.617027777777778,"(8-16]"
"99","Pa","Kitemba","AVO4COF3_Kite","Op2",20,20.5,"AVO4_Kite","31° 28′ 22″ E","0° 37′ 1.3″ N",31.4727777777778,0.617027777777778,"(16-22]"
"100","Pa","Kitemba","AVO12COF1_Kite","Clone C",5,29.24,"AVO12_Kite","31° 27' 56.81″ E","0° 37' 33.02″ N",31.4657805555556,0.625838888888889,"[0-8]"
"101","Pa","Kitemba","AVO12COF2_Kite","Clone H",11,29.24,"AVO12_Kite","31° 27' 56.81″ E","0° 37' 33.02″ N",31.4657805555556,0.625838888888889,"(8-16]"
"102","Pa","Kitemba","AVO12COF3_Kite","Clone F",20,29.24,"AVO12_Kite","31° 27' 56.81″ E","0° 37' 33.02″ N",31.4657805555556,0.625838888888889,"(16-22]"
"103","Pa","Kitemba","AVO13COF1_Kite","Op1",5,2.42,"AVO13_Kite","31° 28′ 25.1″ E","0° 37′ 3.2″ N",31.4736388888889,0.617555555555556,"[0-8]"
"104","Pa","Kitemba","AVO13COF2_Kite","Clone A",11,2.42,"AVO13_Kite","31° 28′ 25.1″ E","0° 37′ 3.2″ N",31.4736388888889,0.617555555555556,"(8-16]"
"105","Pa","Kitemba","AVO13COF3_Kite","Clone B",20,2.42,"AVO13_Kite","31° 28′ 25.1″ E","0° 37′ 3.2″ N",31.4736388888889,0.617555555555556,"(16-22]"
"106","Fn","Kyamutuma","FIC6COF1_Kyam","Op2",5,60.51,"FIC6_Kyam","31° 27′ 44.9″ E","0° 38′ 17.1″ N",31.4624722222222,0.638083333333333,"[0-8]"
"107","Fn","Kyamutuma","FIC6COF2_Kyam","Op2",10,60.51,"FIC6_Kyam","31° 27′ 44.9″ E","0° 38′ 17.1″ N",31.4624722222222,0.638083333333333,"(8-16]"
"108","Fn","Kyamutuma","FIC6COF3_Kyam","Op2",20,60.51,"FIC6_Kyam","31° 27′ 44.9″ E","0° 38′ 17.1″ N",31.4624722222222,0.638083333333333,"(16-22]"
"109","Fn","Kyamutuma","FIC7COF1_Kyam","Op2",3,1.33,"FIC7_Kyam","31° 27′ 42.4″ E","0° 38′ 14.3″ N",31.4617777777778,0.637305555555556,"[0-8]"
"110","Fn","Kyamutuma","FIC7COF2_Kyam","Op2",11,1.33,"FIC7_Kyam","31° 27′ 42.4″ E","0° 38′ 14.3″ N",31.4617777777778,0.637305555555556,"(8-16]"
"111","Fn","Kyamutuma","FIC7COF3_Kyam","Op2",20,1.33,"FIC7_Kyam","31° 27′ 42.4″ E","0° 38′ 14.3″ N",31.4617777777778,0.637305555555556,"(16-22]"
"112","Fn","Kyamutuma","FIC13COF1_Kyam","Op2",5,1.91,"FIC13_Kyam","31° 27′ 39.7″ E","0° 38′ 12.6″ N",31.4610277777778,0.636833333333333,"[0-8]"
"113","Fn","Kyamutuma","FIC13COF2_Kyam","Op2",11,1.91,"FIC13_Kyam","31° 27′ 39.7″ E","0° 38′ 12.6″ N",31.4610277777778,0.636833333333333,"(8-16]"
"114","Fn","Kyamutuma","FIC13COF3_Kyam","Op2",20,1.91,"FIC13_Kyam","31° 27′ 39.7″ E","0° 38′ 12.6″ N",31.4610277777778,0.636833333333333,"(16-22]"
"115","Fn","Kyamutuma","FIC14COF1_Kyam","Op2",5,36.5,"FIC14_Kyam","31° 27′ 29″ E","0° 38′ 20″ N",31.4580555555556,0.638888888888889,"[0-8]"
"116","Fn","Kyamutuma","FIC14COF2_Kyam","Op2",10,36.5,"FIC14_Kyam","31° 27′ 29″ E","0° 38′ 20″ N",31.4580555555556,0.638888888888889,"(8-16]"
"117","Fn","Kyamutuma","FIC14COF3_Kyam","Op2",21,36.5,"FIC14_Kyam","31° 27′ 29″ E","0° 38′ 20″ N",31.4580555555556,0.638888888888889,"(16-22]"
"118","Fn","Kyamutuma","FIC18COF1_Kyam","Clone C",6,52.27,"FIC18_Kyam","31° 26′ 54.3″ E","0° 37′ 57.7″ N",31.4484166666667,0.632694444444444,"[0-8]"
"119","Fn","Kyamutuma","FIC18COF2_Kyam","Clone B",11,52.27,"FIC18_Kyam","31° 26′ 54.3″ E","0° 37′ 57.7″ N",31.4484166666667,0.632694444444444,"(8-16]"
"120","Fn","Kyamutuma","FIC18COF3_Kyam","Clone C",20,52.27,"FIC18_Kyam","31° 26′ 54.3″ E","0° 37′ 57.7″ N",31.4484166666667,0.632694444444444,"(16-22]"
"121","Ac","Kyamutuma","ALB12COF1_Kyam","Op2",5,0.08,"ALB12_Kyam","31° 27′ 33.8″ E","0° 38′ 44″ N",31.4593888888889,0.645555555555556,"[0-8]"
"122","Ac","Kyamutuma","ALB12COF2_Kyam","Op2",10,0.08,"ALB12_Kyam","31° 27′ 33.8″ E","0° 38′ 44″ N",31.4593888888889,0.645555555555556,"(8-16]"
"123","Ac","Kyamutuma","ALB12COF3_Kyam","Op2",20,0.08,"ALB12_Kyam","31° 27′ 33.8″ E","0° 38′ 44″ N",31.4593888888889,0.645555555555556,"(16-22]"
"124","Ac","Kyamutuma","ALB21COF1_Kyam","Op2",5,0.4,"ALB21_Kyam","31° 27′ 32.7″ E","0° 38′ 22.2″ N",31.4590833333333,0.6395,"[0-8]"
"125","Ac","Kyamutuma","ALB21COF2_Kyam","Op2",11,0.4,"ALB21_Kyam","31° 27′ 32.7″ E","0° 38′ 22.2″ N",31.4590833333333,0.6395,"(8-16]"
"126","Ac","Kyamutuma","ALB21COF3_Kyam","Op2",20,0.4,"ALB21_Kyam","31° 27′ 32.7″ E","0° 38′ 22.2″ N",31.4590833333333,0.6395,"(16-22]"
"127","Ac","Kyamutuma","ALB22COF1_Kyam","Op2",4,7.31,"ALB22_Kyam","31° 27′ 31.7″ E","0° 38′ 22.6″ N",31.4588055555556,0.639611111111111,"[0-8]"
"128","Ac","Kyamutuma","ALB22COF2_Kyam","Op2",10,7.31,"ALB22_Kyam","31° 27′ 31.7″ E","0° 38′ 22.6″ N",31.4588055555556,0.639611111111111,"(8-16]"
"129","Ac","Kyamutuma","ALB22COF3_Kyam","Op2",20,7.31,"ALB22_Kyam","31° 27′ 31.7″ E","0° 38′ 22.6″ N",31.4588055555556,0.639611111111111,"(16-22]"
"130","Ac","Kyamutuma","ALB23COF1_Kyam","Clone A",5,0.43,"ALB23_Kyam","31° 27′ 27.7″ E","0° 38′ 25″ N",31.4576944444444,0.640277777777778,"[0-8]"
"131","Ac","Kyamutuma","ALB23COF2_Kyam","Op1",10,0.43,"ALB23_Kyam","31° 27′ 27.7″ E","0° 38′ 25″ N",31.4576944444444,0.640277777777778,"(8-16]"
"132","Ac","Kyamutuma","ALB23COF3_Kyam","Clone C",20,0.43,"ALB23_Kyam","31° 27′ 27.7″ E","0° 38′ 25″ N",31.4576944444444,0.640277777777778,"(16-22]"
"133","Ah","Kyamutuma","JAC8COF1_Kyam","Op2",3,55.35,"JAC8_Kyam","31° 27′ 35.1″ E","0° 38′ 44.2″ N",31.45975,0.645611111111111,"[0-8]"
"134","Ah","Kyamutuma","JAC8COF2_Kyam","Op2",10,55.35,"JAC8_Kyam","31° 27′ 35.1″ E","0° 38′ 44.2″ N",31.45975,0.645611111111111,"(8-16]"
"135","Ah","Kyamutuma","JAC8COF3_Kyam","Op2",19,55.35,"JAC8_Kyam","31° 27′ 35.1″ E","0° 38′ 44.2″ N",31.45975,0.645611111111111,"(16-22]"
"136","Ah","Kyamutuma","JAC16COF1_Kyam","Op2",3,7.23,"JAC16_Kyam","31° 27′ 12.2″ E","0° 38′ 21.9″ N",31.4533888888889,0.639416666666667,"[0-8]"
"137","Ah","Kyamutuma","JAC16COF2_Kyam","Op2",10,7.23,"JAC16_Kyam","31° 27′ 12.2″ E","0° 38′ 21.9″ N",31.4533888888889,0.639416666666667,"(8-16]"
"138","Ah","Kyamutuma","JAC16COF3_Kyam","Op2",18,7.23,"JAC16_Kyam","31° 27′ 12.2″ E","0° 38′ 21.9″ N",31.4533888888889,0.639416666666667,"(16-22]"
"139","Ah","Kyamutuma","JAC17COF1_Kyam","Op2",6,23.55,"JAC17_Kyam","31° 27′ 12.8″ E","0° 38′ 22.5″ N",31.4535555555556,0.639583333333333,"[0-8]"
"140","Ah","Kyamutuma","JAC17COF2_Kyam","Op2",10,23.55,"JAC17_Kyam","31° 27′ 12.8″ E","0° 38′ 22.5″ N",31.4535555555556,0.639583333333333,"(8-16]"
"141","Ah","Kyamutuma","JAC17COF3_Kyam","Op2",20,23.55,"JAC17_Kyam","31° 27′ 12.8″ E","0° 38′ 22.5″ N",31.4535555555556,0.639583333333333,"(16-22]"
"142","Ah","Kyamutuma","JAC18COF1_Kyam","Op2",5,36.28,"JAC18_Kyam","31° 26′ 54.9″ E","0° 37′ 52.7″ N",31.4485833333333,0.631305555555556,"[0-8]"
"143","Ah","Kyamutuma","JAC18COF2_Kyam","Op2",10,36.28,"JAC18_Kyam","31° 26′ 54.9″ E","0° 37′ 52.7″ N",31.4485833333333,0.631305555555556,"(8-16]"
"144","Ah","Kyamutuma","JAC18COF3_Kyam","Op2",20,36.28,"JAC18_Kyam","31° 26′ 54.9″ E","0° 37′ 52.7″ N",31.4485833333333,0.631305555555556,"(16-22]"
"145","Pa","Kyamutuma","AVO7COF1_Kyam","Op2",3,62.7,"AVO7_Kyam","31° 27′ 44.6″ E","0° 38′ 16″ N",31.4623888888889,0.637777777777778,"[0-8]"
"146","Pa","Kyamutuma","AVO7COF2_Kyam","Op2",10,62.7,"AVO7_Kyam","31° 27′ 44.6″ E","0° 38′ 16″ N",31.4623888888889,0.637777777777778,"(8-16]"
"147","Pa","Kyamutuma","AVO7COF3_Kyam","Op2",20,62.7,"AVO7_Kyam","31° 27′ 44.6″ E","0° 38′ 16″ N",31.4623888888889,0.637777777777778,"(16-22]"
"148","Pa","Kyamutuma","AVO16COF1_Kyam","Clone A",4,21.11,"AVO16_Kyam","31° 26′ 54.4″ E","0° 37′ 52.9″ N",31.4484444444444,0.631361111111111,"[0-8]"
"149","Pa","Kyamutuma","AVO16COF2_Kyam","Clone B",11,21.11,"AVO16_Kyam","31° 26′ 54.4″ E","0° 37′ 52.9″ N",31.4484444444444,0.631361111111111,"(8-16]"
"150","Pa","Kyamutuma","AVO16COF3_Kyam","Clone B",19,21.11,"AVO16_Kyam","31° 26′ 54.4″ E","0° 37′ 52.9″ N",31.4484444444444,0.631361111111111,"(16-22]"
"151","Pa","Kyamutuma","AVO17COF1_Kyam","Clone C",5,6.2,"AVO17_Kyam","31° 26′ 54.4″ E","0° 37′ 52.9″ N",31.4484444444444,0.631361111111111,"[0-8]"
"152","Pa","Kyamutuma","AVO17COF2_Kyam","Clone C",10,6.2,"AVO17_Kyam","31° 26′ 54.4″ E","0° 37′ 52.9″ N",31.4484444444444,0.631361111111111,"(8-16]"
"153","Pa","Kyamutuma","AVO17COF3_Kyam","Clone B",20,6.2,"AVO17_Kyam","31° 26′ 54.4″ E","0° 37′ 52.9″ N",31.4484444444444,0.631361111111111,"(16-22]"
"154","Pa","Kyamutuma","AVO18COF1_Kyam","Clone B",5,2.32,"AVO18_Kyam","31° 26′ 54.9″ E","0° 37′ 52.7″ N",31.4485833333333,0.631305555555556,"[0-8]"
"155","Pa","Kyamutuma","AVO18COF2_Kyam","Clone B",11,2.32,"AVO18_Kyam","31° 26′ 54.9″ E","0° 37′ 52.7″ N",31.4485833333333,0.631305555555556,"(8-16]"
"156","Pa","Kyamutuma","AVO18COF3_Kyam","Clone B",19,2.32,"AVO18_Kyam","31° 26′ 54.9″ E","0° 37′ 52.7″ N",31.4485833333333,0.631305555555556,"(16-22]"
"157","Fn","Luwunga","FIC1COF1_Luwu","Clone B",3,25.58,"FIC1_Luwu","31° 28′ 33.7470″ E","0°36'45.1695″ N",31.4760408333333,0.612547083333333,"[0-8]"
"158","Fn","Luwunga","FIC1COF2_Luwu","Clone B",12,25.58,"FIC1_Luwu","31° 28′ 33.7470″ E","0°36'45.1695″ N",31.4760408333333,0.612547083333333,"(8-16]"
"159","Fn","Luwunga","FIC1COF3_Luwu","Clone B",22,25.58,"FIC1_Luwu","31° 28′ 33.7470″ E","0°36'45.1695″ N",31.4760408333333,0.612547083333333,"(16-22]"
"160","Fn","Luwunga","FIC2COF1_Luwu","Clone A",5,23.88,"FIC2_Luwu","31° 28′ 39.0192″ E","0° 36′ 43.9989″ N",31.4775053333333,0.612221916666667,"[0-8]"
"161","Fn","Luwunga","FIC2COF2_Luwu","Clone A",11,23.88,"FIC2_Luwu","31° 28′ 39.0192″ E","0° 36′ 43.9989″ N",31.4775053333333,0.612221916666667,"(8-16]"
"162","Fn","Luwunga","FIC2COF3_Luwu","Clone B",21,23.88,"FIC2_Luwu","31° 28′ 39.0192″ E","0° 36′ 43.9989″ N",31.4775053333333,0.612221916666667,"(16-22]"
"163","Fn","Luwunga","FIC19COF1_Luwu","Clone F",6,32.5,"FIC19_Luwu","31° 29′ 8.6″ E","0° 36′ 23.5″ N",31.4857222222222,0.606527777777778,"[0-8]"
"164","Fn","Luwunga","FIC19COF2_Luwu","Clone A",11,32.5,"FIC19_Luwu","31° 29′ 8.6″ E","0° 36′ 23.5″ N",31.4857222222222,0.606527777777778,"(8-16]"
"165","Fn","Luwunga","FIC19COF3_Luwu","Clone D",21,32.5,"FIC19_Luwu","31° 29′ 8.6″ E","0° 36′ 23.5″ N",31.4857222222222,0.606527777777778,"(16-22]"
"166","Fn","Luwunga","FIC20COF1_Luwu","Clone A",6,30.2,"FIC20_Luwu","31° 29′ 17.6″ E","0° 36′ 28.2″ N",31.4882222222222,0.607833333333333,"[0-8]"
"167","Fn","Luwunga","FIC20COF2_Luwu","Clone C",11,30.2,"FIC20_Luwu","31° 29′ 17.6″ E","0° 36′ 28.2″ N",31.4882222222222,0.607833333333333,"(8-16]"
"168","Fn","Luwunga","FIC20COF3_Luwu","Clone F",18,30.2,"FIC20_Luwu","31° 29′ 17.6″ E","0° 36′ 28.2″ N",31.4882222222222,0.607833333333333,"(16-22]"
"169","Ac","Luwunga","ALB1COF1_Luwu","Clone B",3,5.28,"ALB1_Luwu","31° 29′ 12.4″ E","0° 36′ 49.9″ N",31.4867777777778,0.613861111111111,"[0-8]"
"170","Ac","Luwunga","ALB1COF2_Luwu","Clone F",7,5.28,"ALB1_Luwu","31° 29′ 12.4″ E","0° 36′ 49.9″ N",31.4867777777778,0.613861111111111,"[0-8]"
"171","Ac","Luwunga","ALB1COF3_Luwu","Clone A",15,5.28,"ALB1_Luwu","31° 29′ 12.4″ E","0° 36′ 49.9″ N",31.4867777777778,0.613861111111111,"(8-16]"
"172","Ac","Luwunga","ALB2COF1_Luwu","Clone A",4.5,41.42,"ALB2_Luwu","31° 29′ 13.6″ E","0° 36′ 49.6″ N",31.4871111111111,0.613777777777778,"[0-8]"
"173","Ac","Luwunga","ALB2COF2_Luwu","Clone B",12.5,41.42,"ALB2_Luwu","31° 29′ 13.6″ E","0° 36′ 49.6″ N",31.4871111111111,0.613777777777778,"(8-16]"
"174","Ac","Luwunga","ALB2COF3_Luwu","Clone A",20,41.42,"ALB2_Luwu","31° 29′ 13.6″ E","0° 36′ 49.6″ N",31.4871111111111,0.613777777777778,"(16-22]"
"175","Ac","Luwunga","ALB3COF1_Luwu","Clone F",5,3.25,"ALB3_Luwu","31° 29′ 14.8″ E","0° 36′ 50.1″ N",31.4874444444444,0.613916666666667,"[0-8]"
"176","Ac","Luwunga","ALB3COF2_Luwu","Clone B",13,3.25,"ALB3_Luwu","31° 29′ 14.8″ E","0° 36′ 50.1″ N",31.4874444444444,0.613916666666667,"(8-16]"
"177","Ac","Luwunga","ALB3COF3_Luwu","Clone B",20,3.25,"ALB3_Luwu","31° 29′ 14.8″ E","0° 36′ 50.1″ N",31.4874444444444,0.613916666666667,"(16-22]"
"178","Ac","Luwunga","ALB24COF1_Luwu","Clone C",5,0.01,"ALB24_Luwu","31° 29′ 7.3″ E","0° 36′ 24.4″ N",31.4853611111111,0.606777777777778,"[0-8]"
"179","Ac","Luwunga","ALB24COF2_Luwu","Clone F",11,0.01,"ALB24_Luwu","31° 29′ 7.3″ E","0° 36′ 24.4″ N",31.4853611111111,0.606777777777778,"(8-16]"
"180","Ac","Luwunga","ALB24COF3_Luwu","Clone D",20,0.01,"ALB24_Luwu","31° 29′ 7.3″ E","0° 36′ 24.4″ N",31.4853611111111,0.606777777777778,"(16-22]"
"181","Ah","Luwunga","JAC19COF1_Luwu","Clone H",3,1.72,"JAC19_Luwu","31° 29′ 11.9″ E","0° 36′ 22.5″ N",31.4866388888889,0.60625,"[0-8]"
"182","Ah","Luwunga","JAC19COF2_Luwu","Clone A",9,1.72,"JAC19_Luwu","31° 29′ 11.9″ E","0° 36′ 22.5″ N",31.4866388888889,0.60625,"(8-16]"
"183","Ah","Luwunga","JAC19COF3_Luwu","Clone B",20,1.72,"JAC19_Luwu","31° 29′ 11.9″ E","0° 36′ 22.5″ N",31.4866388888889,0.60625,"(16-22]"
"184","Ah","Luwunga","JAC20COF1_Luwu","Clone A",4,2.14,"JAC20_Luwu","31° 29′ 13″ E","0° 36′ 21.9″ N",31.4869444444444,0.606083333333333,"[0-8]"
"185","Ah","Luwunga","JAC20COF2_Luwu","Clone D",10,2.14,"JAC20_Luwu","31° 29′ 13″ E","0° 36′ 21.9″ N",31.4869444444444,0.606083333333333,"(8-16]"
"186","Ah","Luwunga","JAC20COF3_Luwu","Clone A",21,2.14,"JAC20_Luwu","31° 29′ 13″ E","0° 36′ 21.9″ N",31.4869444444444,0.606083333333333,"(16-22]"
"187","Ah","Luwunga","JAC21COF1_Luwu","Clone B",4,10.96,"JAC21_Luwu","31° 29′ 13.4″ E","0° 36′ 20.7″ N",31.4870555555556,0.60575,"[0-8]"
"188","Ah","Luwunga","JAC21COF2_Luwu","Clone D",10,10.96,"JAC21_Luwu","31° 29′ 13.4″ E","0° 36′ 20.7″ N",31.4870555555556,0.60575,"(8-16]"
"189","Ah","Luwunga","JAC21COF3_Luwu","Clone B",20,10.96,"JAC21_Luwu","31° 29′ 13.4″ E","0° 36′ 20.7″ N",31.4870555555556,0.60575,"(16-22]"
"190","Ah","Luwunga","JAC22COF1_Luwu","Clone B",3,0.915,"JAC22_Luwu","31° 29′ 11.3″ E","0° 36′ 17.7″ N",31.4864722222222,0.604916666666667,"[0-8]"
"191","Ah","Luwunga","JAC22COF2_Luwu","Op1",10,0.915,"JAC22_Luwu","31° 29′ 11.3″ E","0° 36′ 17.7″ N",31.4864722222222,0.604916666666667,"(8-16]"
"192","Ah","Luwunga","JAC22COF3_Luwu","Clone B",20,0.915,"JAC22_Luwu","31° 29′ 11.3″ E","0° 36′ 17.7″ N",31.4864722222222,0.604916666666667,"(16-22]"
"193","Pa","Luwunga","AVO1COF1_Luwu","Op2",5.5,19.16,"AVO1_Luwu","31° 28′ 41.2174″ E","0° 36′ 47.8089″ N",31.4781159444444,0.61328025,"[0-8]"
"194","Pa","Luwunga","AVO1COF2_Luwu","Clone C",11,19.16,"AVO1_Luwu","31° 28′ 41.2174″ E","0° 36′ 47.8089″ N",31.4781159444444,0.61328025,"(8-16]"
"195","Pa","Luwunga","AVO1COF3_Luwu","Clone A",21,19.16,"AVO1_Luwu","31° 28′ 41.2174″ E","0° 36′ 47.8089″ N",31.4781159444444,0.61328025,"(16-22]"
"196","Pa","Luwunga","AVO2COF1_Luwu","Clone A",6,24.15,"AVO2_Luwu","31° 28′ 39.1799″ E","0° 36′ 47.6781″ N",31.4775499722222,0.613243916666667,"[0-8]"
"197","Pa","Luwunga","AVO2COF2_Luwu","Clone A",10,24.15,"AVO2_Luwu","31° 28′ 39.1799″ E","0° 36′ 47.6781″ N",31.4775499722222,0.613243916666667,"(8-16]"
"198","Pa","Luwunga","AVO2COF3_Luwu","Clone A",20,24.15,"AVO2_Luwu","31° 28′ 39.1799″ E","0° 36′ 47.6781″ N",31.4775499722222,0.613243916666667,"(16-22]"
"199","Pa","Luwunga","AVO19COF1_Luwu","Op1",5,0.83,"AVO19_Luwu","31° 29′ 5.2″ E","0° 36′ 33.6″ N",31.4847777777778,0.609333333333333,"[0-8]"
"200","Pa","Luwunga","AVO19COF2_Luwu","Clone B",11,0.83,"AVO19_Luwu","31° 29′ 5.2″ E","0° 36′ 33.6″ N",31.4847777777778,0.609333333333333,"(8-16]"
"201","Pa","Luwunga","AVO19COF3_Luwu","Clone D",20,0.83,"AVO19_Luwu","31° 29′ 5.2″ E","0° 36′ 33.6″ N",31.4847777777778,0.609333333333333,"(16-22]"
"202","Fn","Nonve","FIC8COF1_Nonv","Clone A",3,53.82,"FIC8_Nonv","31° 27′ 29.9″ E","0° 38′ 59″ N",31.4583055555556,0.649722222222222,"[0-8]"
"203","Fn","Nonve","FIC8COF2_Nonv","Op1",10,53.82,"FIC8_Nonv","31° 27′ 29.9″ E","0° 38′ 59″ N",31.4583055555556,0.649722222222222,"(8-16]"
"204","Fn","Nonve","FIC8COF3_Nonv","Clone C",20,53.82,"FIC8_Nonv","31° 27′ 29.9″ E","0° 38′ 59″ N",31.4583055555556,0.649722222222222,"(16-22]"
"205","Fn","Nonve","FIC15COF1_Nonv","Clone A",7,28.5,"FIC15_Nonv","31° 27′ 32.1″ E","0° 38′ 59.4″ N",31.4589166666667,0.649833333333333,"[0-8]"
"206","Fn","Nonve","FIC15COF2_Nonv","Clone C",11,28.5,"FIC15_Nonv","31° 27′ 32.1″ E","0° 38′ 59.4″ N",31.4589166666667,0.649833333333333,"(8-16]"
"207","Fn","Nonve","FIC15COF3_Nonv","Clone C",20,28.5,"FIC15_Nonv","31° 27′ 32.1″ E","0° 38′ 59.4″ N",31.4589166666667,0.649833333333333,"(16-22]"
"208","Fn","Nonve","FIC16COF1_Nonv","Clone A",7,1.03,"FIC16_Nonv","31° 27′ 31.6″ E","0° 38′ 59.5″ N",31.4587777777778,0.649861111111111,"[0-8]"
"209","Fn","Nonve","FIC16COF2_Nonv","Clone F",11,1.03,"FIC16_Nonv","31° 27′ 31.6″ E","0° 38′ 59.5″ N",31.4587777777778,0.649861111111111,"(8-16]"
"210","Fn","Nonve","FIC16COF3_Nonv","Clone C",20,1.03,"FIC16_Nonv","31° 27′ 31.6″ E","0° 38′ 59.5″ N",31.4587777777778,0.649861111111111,"(16-22]"
"211","Fn","Nonve","FIC17COF1_Nonv","Clone A",7,5.05,"FIC17_Nonv","31° 27′ 30.9″ E","0° 38′ 59.4″ N",31.4585833333333,0.649833333333333,"[0-8]"
"212","Fn","Nonve","FIC17COF2_Nonv","Clone C",10,5.05,"FIC17_Nonv","31° 27′ 30.9″ E","0° 38′ 59.4″ N",31.4585833333333,0.649833333333333,"(8-16]"
"213","Fn","Nonve","FIC17COF3_Nonv","Clone B",19,5.05,"FIC17_Nonv","31° 27′ 30.9″ E","0° 38′ 59.4″ N",31.4585833333333,0.649833333333333,"(16-22]"
"214","Ac","Nonve","ALB11COF1_Nonv","Clone A",5,5.36,"ALB11_Nonv","31° 27′ 47″ E","0° 38′ 16.3″ N",31.4630555555556,0.637861111111111,"[0-8]"
"215","Ac","Nonve","ALB11COF2_Nonv","Clone A",10,5.36,"ALB11_Nonv","31° 27′ 47″ E","0° 38′ 16.3″ N",31.4630555555556,0.637861111111111,"(8-16]"
"216","Ac","Nonve","ALB11COF3_Nonv","Clone B",20,5.36,"ALB11_Nonv","31° 27′ 47″ E","0° 38′ 16.3″ N",31.4630555555556,0.637861111111111,"(16-22]"
"217","Ac","Nonve","ALB13COF1_Nonv","Op2",3,0.73,"ALB13_Nonv","31° 27′ 37.5″ E","0° 38′ 44.2″ N",31.4604166666667,0.645611111111111,"[0-8]"
"218","Ac","Nonve","ALB13COF2_Nonv","Op2",10,0.73,"ALB13_Nonv","31° 27′ 37.5″ E","0° 38′ 44.2″ N",31.4604166666667,0.645611111111111,"(8-16]"
"219","Ac","Nonve","ALB13COF3_Nonv","Op2",20,0.73,"ALB13_Nonv","31° 27′ 37.5″ E","0° 38′ 44.2″ N",31.4604166666667,0.645611111111111,"(16-22]"
"220","Ac","Nonve","ALB14COF1_Nonv","Op2",5,20.37,"ALB14_Nonv","31° 27′ 37.8″ E","0° 38′ 42.5″ N",31.4605,0.645138888888889,"[0-8]"
"221","Ac","Nonve","ALB14COF2_Nonv","Op2",10,20.37,"ALB14_Nonv","31° 27′ 37.8″ E","0° 38′ 42.5″ N",31.4605,0.645138888888889,"(8-16]"
"222","Ac","Nonve","ALB14COF3_Nonv","Op2",19,20.37,"ALB14_Nonv","31° 27′ 37.8″ E","0° 38′ 42.5″ N",31.4605,0.645138888888889,"(16-22]"
"223","Ac","Nonve","ALB15COF1_Nonv","Clone H",3,2.96,"ALB15_Nonv","31° 27′ 42.8″ E","0° 38′ 42.8″ N",31.4618888888889,0.645222222222222,"[0-8]"
"224","Ac","Nonve","ALB15COF2_Nonv","Clone C",10,2.96,"ALB15_Nonv","31° 27′ 42.8″ E","0° 38′ 42.8″ N",31.4618888888889,0.645222222222222,"(8-16]"
"225","Ac","Nonve","ALB15COF3_Nonv","Clone C",20,2.96,"ALB15_Nonv","31° 27′ 42.8″ E","0° 38′ 42.8″ N",31.4618888888889,0.645222222222222,"(16-22]"
"226","Ac","Nonve","ALB16COF1_Nonv","Clone H",5,0.5,"ALB16_Nonv","31° 27′ 44.4″ E","0° 38′ 43.9″ N",31.4623333333333,0.645527777777778,"[0-8]"
"227","Ac","Nonve","ALB16COF2_Nonv","Clone C",10,0.5,"ALB16_Nonv","31° 27′ 44.4″ E","0° 38′ 43.9″ N",31.4623333333333,0.645527777777778,"(8-16]"
"228","Ac","Nonve","ALB16COF3_Nonv","Clone A",20,0.5,"ALB16_Nonv","31° 27′ 44.4″ E","0° 38′ 43.9″ N",31.4623333333333,0.645527777777778,"(16-22]"
"229","Ah","Nonve","JAC9COF1_Nonv","Clone C",5,48.16,"JAC9_Nonv","31° 27′ 41″ E","0° 38′ 43.5″ N",31.4613888888889,0.645416666666667,"[0-8]"
"230","Ah","Nonve","JAC9COF2_Nonv","Clone F",10,48.16,"JAC9_Nonv","31° 27′ 41″ E","0° 38′ 43.5″ N",31.4613888888889,0.645416666666667,"(8-16]"
"231","Ah","Nonve","JAC9COF3_Nonv","Clone B",20,48.16,"JAC9_Nonv","31° 27′ 41″ E","0° 38′ 43.5″ N",31.4613888888889,0.645416666666667,"(16-22]"
"232","Ah","Nonve","JAC10COF1_Nonv","Clone B",5,66.5,"JAC10_Nonv","31° 27′ 44.5″ E","0° 38′ 44.1″ N",31.4623611111111,0.645583333333333,"[0-8]"
"233","Ah","Nonve","JAC10COF2_Nonv","Clone A",10,66.5,"JAC10_Nonv","31° 27′ 44.5″ E","0° 38′ 44.1″ N",31.4623611111111,0.645583333333333,"(8-16]"
"234","Ah","Nonve","JAC10COF3_Nonv","Clone A",22,66.5,"JAC10_Nonv","31° 27′ 44.5″ E","0° 38′ 44.1″ N",31.4623611111111,0.645583333333333,"(16-22]"
"235","Ah","Nonve","JAC11COF1_Nonv","Clone B",5,59.81,"JAC11_Nonv","31° 27′ 44.5″ E","0° 38′ 44.4″ N",31.4623611111111,0.645666666666667,"[0-8]"
"236","Ah","Nonve","JAC11COF2_Nonv","Clone B",10,59.81,"JAC11_Nonv","31° 27′ 44.5″ E","0° 38′ 44.4″ N",31.4623611111111,0.645666666666667,"(8-16]"
"237","Ah","Nonve","JAC11COF3_Nonv","Clone B",20,59.81,"JAC11_Nonv","31° 27′ 44.5″ E","0° 38′ 44.4″ N",31.4623611111111,0.645666666666667,"(16-22]"
"238","Ah","Nonve","JAC12COF1_Nonv","Clone F",5,33.05,"JAC12_Nonv","31° 27′ 44.4″ E","0° 38′ 43.9″ N",31.4623333333333,0.645527777777778,"[0-8]"
"239","Ah","Nonve","JAC12COF2_Nonv","Clone A",11,33.05,"JAC12_Nonv","31° 27′ 44.4″ E","0° 38′ 43.9″ N",31.4623333333333,0.645527777777778,"(8-16]"
"240","Ah","Nonve","JAC12COF3_Nonv","Clone C",20,33.05,"JAC12_Nonv","31° 27′ 44.4″ E","0° 38′ 43.9″ N",31.4623333333333,0.645527777777778,"(16-22]"
"241","Ah","Nonve","JAC13COF1_Nonv","Clone C",3,15.29,"JAC13_Nonv","31° 27′ 31″ E","0° 38′ 56″ N",31.4586111111111,0.648888888888889,"[0-8]"
"242","Ah","Nonve","JAC13COF2_Nonv","Clone F",10,15.29,"JAC13_Nonv","31° 27′ 31″ E","0° 38′ 56″ N",31.4586111111111,0.648888888888889,"(8-16]"
"243","Ah","Nonve","JAC13COF3_Nonv","Clone C",20,15.29,"JAC13_Nonv","31° 27′ 31″ E","0° 38′ 56″ N",31.4586111111111,0.648888888888889,"(16-22]"
"244","Pa","Nonve","AVO8COF1_Nonv","Clone B",3,17.05,"AVO8_Nonv","31° 27′ 41.6″ E","0° 38′ 43.7″ N",31.4615555555556,0.645472222222222,"[0-8]"
"245","Pa","Nonve","AVO8COF2_Nonv","Clone F",12,17.05,"AVO8_Nonv","31° 27′ 41.6″ E","0° 38′ 43.7″ N",31.4615555555556,0.645472222222222,"(8-16]"
"246","Pa","Nonve","AVO8COF3_Nonv","Clone F",20,17.05,"AVO8_Nonv","31° 27′ 41.6″ E","0° 38′ 43.7″ N",31.4615555555556,0.645472222222222,"(16-22]"
"247","Pa","Nonve","AVO9COF1_Nonv","Op2",5,17.9,"AVO9_Nonv","31° 27′ 41″ E","0° 38′ 42.3″ N",31.4613888888889,0.645083333333333,"[0-8]"
"248","Pa","Nonve","AVO9COF2_Nonv","Op2",10,17.9,"AVO9_Nonv","31° 27′ 41″ E","0° 38′ 42.3″ N",31.4613888888889,0.645083333333333,"(8-16]"
"249","Pa","Nonve","AVO9COF3_Nonv","Op2",20,17.9,"AVO9_Nonv","31° 27′ 41″ E","0° 38′ 42.3″ N",31.4613888888889,0.645083333333333,"(16-22]"
"250","Pa","Nonve","AVO14COF1_Nonv","Clone F",4,21.35,"AVO14_Nonv","31° 27′ 30.6″ E","0° 38′ 56.8″ N",31.4585,0.649111111111111,"[0-8]"
"251","Pa","Nonve","AVO14COF2_Nonv","Clone A",10,21.35,"AVO14_Nonv","31° 27′ 30.6″ E","0° 38′ 56.8″ N",31.4585,0.649111111111111,"(8-16]"
"252","Pa","Nonve","AVO14COF3_Nonv","Clone C",20,21.35,"AVO14_Nonv","31° 27′ 30.6″ E","0° 38′ 56.8″ N",31.4585,0.649111111111111,"(16-22]"
"253","Pa","Nonve","AVO15COF1_Nonv","Clone B",5,17.37,"AVO15_Nonv","31° 27′ 32.3″ E","0° 38′ 56.9″ N",31.4589722222222,0.649138888888889,"[0-8]"
"254","Pa","Nonve","AVO15COF2_Nonv","Clone C",11,17.37,"AVO15_Nonv","31° 27′ 32.3″ E","0° 38′ 56.9″ N",31.4589722222222,0.649138888888889,"(8-16]"
"255","Pa","Nonve","AVO15COF3_Nonv","Clone H",20,17.37,"AVO15_Nonv","31° 27′ 32.3″ E","0° 38′ 56.9″ N",31.4589722222222,0.649138888888889,"(16-22]"
