"","sample_code","CWD_infected_leaves","CLR_infected_leaves","CRBD_infected_leaves","CRBD_infected_berries","berries_mean_per_branch","berries","leaves","Shade_tree_species","Section_of_Kaweri","Coffee_Variety","distance","Shade_tree_Canopy_Cover","Shade_tree_soil_sample_CODE","Longitude","Latitude","Longitude_dd","Latitude_dd","distance_class","CWD_leaf_incidence","CLR_leaf_incidence","CRBD_leaf_incidence","CRBD_leaf_incidence_berries"
"1","ALB10COF1_Kita",3,37,12,0,4,53,148,"Ac","Kitagweta","Op2",3,0.04,"ALB10_Kita","31° 28′ 26″ E","0° 37′ 30.6″ N",31.4738888888889,0.625166666666667,"[0-8]",0.0202702702702703,0.25,0.0810810810810811,0
"2","ALB10COF2_Kita",0,50,8,112,20,235,80,"Ac","Kitagweta","Op2",9,0.04,"ALB10_Kita","31° 28′ 26″ E","0° 37′ 30.6″ N",31.4738888888889,0.625166666666667,"(8-16]",0,0.625,0.1,0.474576271186441
"3","ALB10COF3_Kita",0,33,9,120,23,276,214,"Ac","Kitagweta","Op2",20,0.04,"ALB10_Kita","31° 28′ 26″ E","0° 37′ 30.6″ N",31.4738888888889,0.625166666666667,"(16-22]",0,0.154205607476636,0.0420560747663551,0.433212996389892
"4","ALB11COF1_Nonv",5,49,3,171,115,1378,268,"Ac","Nonve","Clone A",5,5.36,"ALB11_Nonv","31° 27′ 47″ E","0° 38′ 16.3″ N",31.4630555555556,0.637861111111111,"[0-8]",0.0186567164179104,0.182835820895522,0.0111940298507463,0.124002900652647
"5","ALB11COF2_Nonv",7,8,0,0,11,134,571,"Ac","Nonve","Clone A",10,5.36,"ALB11_Nonv","31° 27′ 47″ E","0° 38′ 16.3″ N",31.4630555555556,0.637861111111111,"(8-16]",0.0122591943957968,0.0140105078809107,0,0
"6","ALB11COF3_Nonv",2,46,0,35,37,440,327,"Ac","Nonve","Clone B",20,5.36,"ALB11_Nonv","31° 27′ 47″ E","0° 38′ 16.3″ N",31.4630555555556,0.637861111111111,"(16-22]",0.00611620795107034,0.140672782874618,0,0.0793650793650794
"7","ALB12COF1_Kyam",1,30,19,74,51,609,154,"Ac","Kyamutuma","Op2",5,0.08,"ALB12_Kyam","31° 27′ 33.8″ E","0° 38′ 44″ N",31.4593888888889,0.645555555555556,"[0-8]",0.00649350649350649,0.194805194805195,0.123376623376623,0.121311475409836
"8","ALB12COF2_Kyam",0,42,41,103,70,835,193,"Ac","Kyamutuma","Op2",10,0.08,"ALB12_Kyam","31° 27′ 33.8″ E","0° 38′ 44″ N",31.4593888888889,0.645555555555556,"(8-16]",0,0.217616580310881,0.212435233160622,0.123205741626794
"9","ALB12COF3_Kyam",3,56,25,23,40,483,262,"Ac","Kyamutuma","Op2",20,0.08,"ALB12_Kyam","31° 27′ 33.8″ E","0° 38′ 44″ N",31.4593888888889,0.645555555555556,"(16-22]",0.0114503816793893,0.213740458015267,0.0954198473282443,0.0475206611570248
"10","ALB13COF1_Nonv",0,24,17,63,42,505,274,"Ac","Nonve","Op2",3,0.73,"ALB13_Nonv","31° 27′ 37.5″ E","0° 38′ 44.2″ N",31.4604166666667,0.645611111111111,"[0-8]",0,0.0875912408759124,0.062043795620438,0.124505928853755
"11","ALB13COF2_Nonv",0,38,19,22,13,159,210,"Ac","Nonve","Op2",10,0.73,"ALB13_Nonv","31° 27′ 37.5″ E","0° 38′ 44.2″ N",31.4604166666667,0.645611111111111,"(8-16]",0,0.180952380952381,0.0904761904761905,0.1375
"12","ALB13COF3_Nonv",1,32,17,19,22,268,143,"Ac","Nonve","Op2",20,0.73,"ALB13_Nonv","31° 27′ 37.5″ E","0° 38′ 44.2″ N",31.4604166666667,0.645611111111111,"(16-22]",0.00699300699300699,0.223776223776224,0.118881118881119,0.0706319702602231
"13","ALB14COF1_Nonv",0,39,6,58,52,630,199,"Ac","Nonve","Op2",5,20.37,"ALB14_Nonv","31° 27′ 37.8″ E","0° 38′ 42.5″ N",31.4605,0.645138888888889,"[0-8]",0,0.195979899497487,0.0301507537688442,0.0919175911251981
"14","ALB14COF2_Nonv",3,51,14,65,34,408,162,"Ac","Nonve","Op2",10,20.37,"ALB14_Nonv","31° 27′ 37.8″ E","0° 38′ 42.5″ N",31.4605,0.645138888888889,"(8-16]",0.0185185185185185,0.314814814814815,0.0864197530864197,0.158924205378973
"15","ALB14COF3_Nonv",2,36,15,32,42,498,210,"Ac","Nonve","Op2",19,20.37,"ALB14_Nonv","31° 27′ 37.8″ E","0° 38′ 42.5″ N",31.4605,0.645138888888889,"(16-22]",0.00952380952380952,0.171428571428571,0.0714285714285714,0.064128256513026
"16","ALB15COF1_Nonv",3,97,0,142,73,878,235,"Ac","Nonve","Clone H",3,2.96,"ALB15_Nonv","31° 27′ 42.8″ E","0° 38′ 42.8″ N",31.4618888888889,0.645222222222222,"[0-8]",0.0127659574468085,0.412765957446808,0,0.161547212741752
"17","ALB15COF2_Nonv",2,53,4,84,130,1564,120,"Ac","Nonve","Clone C",10,2.96,"ALB15_Nonv","31° 27′ 42.8″ E","0° 38′ 42.8″ N",31.4618888888889,0.645222222222222,"(8-16]",0.0166666666666667,0.441666666666667,0.0333333333333333,0.0536741214057508
"18","ALB15COF3_Nonv",2,43,3,102,35,415,77,"Ac","Nonve","Clone C",20,2.96,"ALB15_Nonv","31° 27′ 42.8″ E","0° 38′ 42.8″ N",31.4618888888889,0.645222222222222,"(16-22]",0.025974025974026,0.558441558441558,0.038961038961039,0.245192307692308
"19","ALB16COF1_Nonv",1,121,0,163,60,723,408,"Ac","Nonve","Clone H",5,0.5,"ALB16_Nonv","31° 27′ 44.4″ E","0° 38′ 43.9″ N",31.4623333333333,0.645527777777778,"[0-8]",0.00245098039215686,0.29656862745098,0,0.225138121546961
"20","ALB16COF2_Nonv",0,64,5,152,86,1031,232,"Ac","Nonve","Clone C",10,0.5,"ALB16_Nonv","31° 27′ 44.4″ E","0° 38′ 43.9″ N",31.4623333333333,0.645527777777778,"(8-16]",0,0.275862068965517,0.021551724137931,0.147286821705426
"21","ALB16COF3_Nonv",7,35,4,117,118,1419,465,"Ac","Nonve","Clone A",20,0.5,"ALB16_Nonv","31° 27′ 44.4″ E","0° 38′ 43.9″ N",31.4623333333333,0.645527777777778,"(16-22]",0.0150537634408602,0.0752688172043011,0.00860215053763441,0.0823943661971831
"22","ALB17COF1_Kite",3,28,2,50,35,419,241,"Ac","Kitemba","Op1",5,1.61,"ALB17_Kite","31° 26′ 51.3″ E","0° 38′ 56.8″ N",31.4475833333333,0.649111111111111,"[0-8]",0.012448132780083,0.116182572614108,0.00829875518672199,0.119047619047619
"23","ALB17COF2_Kite",8,44,20,43,71,849,349,"Ac","Kitemba","Clone A",11,1.61,"ALB17_Kite","31° 26′ 51.3″ E","0° 38′ 56.8″ N",31.4475833333333,0.649111111111111,"(8-16]",0.0229226361031519,0.126074498567335,0.0573065902578797,0.0505882352941176
"24","ALB17COF3_Kite",0,47,27,50,60,717,241,"Ac","Kitemba","Clone A",20,1.61,"ALB17_Kite","31° 26′ 51.3″ E","0° 38′ 56.8″ N",31.4475833333333,0.649111111111111,"(16-22]",0,0.195020746887967,0.112033195020747,0.0696378830083565
"25","ALB18COF1_Kite",0,0,0,0,NA,0,0,"Ac","Kitemba","Clone C",5,0.85,"ALB18_Kite","31° 28′ 3.4″ E","0° 37′ 34.8″ N",31.4676111111111,0.626333333333333,"[0-8]",NA,NA,NA,0
"26","ALB18COF2_Kite",0,0,0,0,NA,0,0,"Ac","Kitemba","Clone A",10,0.85,"ALB18_Kite","31° 28′ 3.4″ E","0° 37′ 34.8″ N",31.4676111111111,0.626333333333333,"(8-16]",NA,NA,NA,0
"27","ALB18COF3_Kite",0,0,0,0,NA,0,0,"Ac","Kitemba","Clone B",22,0.85,"ALB18_Kite","31° 28′ 3.4″ E","0° 37′ 34.8″ N",31.4676111111111,0.626333333333333,"(16-22]",NA,NA,NA,0
"28","ALB19COF1_Kite",0,35,10,33,24,294,201,"Ac","Kitemba","Op1",5,11.59,"ALB19_Kite","31° 27’ 52.99″ E","0° 37’ 35.94″ N",31.4647194444444,0.62665,"[0-8]",0,0.174129353233831,0.0497512437810945,0.111864406779661
"29","ALB19COF2_Kite",0,35,9,31,33,400,218,"Ac","Kitemba","Op1",10,11.59,"ALB19_Kite","31° 27’ 52.99″ E","0° 37’ 35.94″ N",31.4647194444444,0.62665,"(8-16]",0,0.160550458715596,0.0412844036697248,0.0773067331670823
"30","ALB19COF3_Kite",0,28,4,8,4,46,215,"Ac","Kitemba","Op1",20,11.59,"ALB19_Kite","31° 27’ 52.99″ E","0° 37’ 35.94″ N",31.4647194444444,0.62665,"(16-22]",0,0.130232558139535,0.0186046511627907,0.170212765957447
"31","ALB1COF1_Luwu",0,13,72,104,94,1127,326,"Ac","Luwunga","Clone B",3,5.28,"ALB1_Luwu","31° 29′ 12.4″ E","0° 36′ 49.9″ N",31.4867777777778,0.613861111111111,"[0-8]",0,0.0398773006134969,0.220858895705521,0.0921985815602837
"32","ALB1COF2_Luwu",13,73,0,148,71,785,216,"Ac","Luwunga","Clone F",7,5.28,"ALB1_Luwu","31° 29′ 12.4″ E","0° 36′ 49.9″ N",31.4867777777778,0.613861111111111,"[0-8]",0.0601851851851852,0.337962962962963,0,0.188295165394402
"33","ALB1COF3_Luwu",0,78,0,290,144,1733,167,"Ac","Luwunga","Clone A",15,5.28,"ALB1_Luwu","31° 29′ 12.4″ E","0° 36′ 49.9″ N",31.4867777777778,0.613861111111111,"(8-16]",0,0.467065868263473,0,0.167243367935409
"34","ALB20COF1_Kite",0,62,9,23,29,345,188,"Ac","Kitemba","Clone B",5,0.38,"ALB20_Kite","31° 27’ 51.12″ E","0° 37’ 35.87″ N",31.4642,0.626630555555556,"[0-8]",0,0.329787234042553,0.0478723404255319,0.0664739884393064
"35","ALB20COF2_Kite",0,38,3,40,41,489,258,"Ac","Kitemba","Clone A",11,0.38,"ALB20_Kite","31° 27’ 51.12″ E","0° 37’ 35.87″ N",31.4642,0.626630555555556,"(8-16]",0,0.147286821705426,0.0116279069767442,0.0816326530612245
"36","ALB20COF3_Kite",0,45,12,55,62,745,151,"Ac","Kitemba","Clone D",20,0.38,"ALB20_Kite","31° 27’ 51.12″ E","0° 37’ 35.87″ N",31.4642,0.626630555555556,"(16-22]",0,0.298013245033113,0.0794701986754967,0.0737265415549598
"37","ALB21COF1_Kyam",6,55,12,57,31,370,202,"Ac","Kyamutuma","Op2",5,0.4,"ALB21_Kyam","31° 27′ 32.7″ E","0° 38′ 22.2″ N",31.4590833333333,0.6395,"[0-8]",0.0297029702970297,0.272277227722772,0.0594059405940594,0.153638814016173
"38","ALB21COF2_Kyam",3,34,26,26,38,462,210,"Ac","Kyamutuma","Op2",11,0.4,"ALB21_Kyam","31° 27′ 32.7″ E","0° 38′ 22.2″ N",31.4590833333333,0.6395,"(8-16]",0.0142857142857143,0.161904761904762,0.123809523809524,0.0561555075593952
"39","ALB21COF3_Kyam",9,47,21,36,49,592,253,"Ac","Kyamutuma","Op2",20,0.4,"ALB21_Kyam","31° 27′ 32.7″ E","0° 38′ 22.2″ N",31.4590833333333,0.6395,"(16-22]",0.0355731225296443,0.185770750988142,0.08300395256917,0.06070826306914
"40","ALB22COF1_Kyam",4,40,21,0,1,13,218,"Ac","Kyamutuma","Op2",4,7.31,"ALB22_Kyam","31° 27′ 31.7″ E","0° 38′ 22.6″ N",31.4588055555556,0.639611111111111,"[0-8]",0.018348623853211,0.18348623853211,0.0963302752293578,0
"41","ALB22COF2_Kyam",0,25,20,33,37,442,133,"Ac","Kyamutuma","Op2",10,7.31,"ALB22_Kyam","31° 27′ 31.7″ E","0° 38′ 22.6″ N",31.4588055555556,0.639611111111111,"(8-16]",0,0.18796992481203,0.150375939849624,0.0744920993227991
"42","ALB22COF3_Kyam",0,44,27,33,46,547,184,"Ac","Kyamutuma","Op2",20,7.31,"ALB22_Kyam","31° 27′ 31.7″ E","0° 38′ 22.6″ N",31.4588055555556,0.639611111111111,"(16-22]",0,0.239130434782609,0.146739130434783,0.0602189781021898
"43","ALB23COF1_Kyam",6,17,38,37,55,661,425,"Ac","Kyamutuma","Clone A",5,0.43,"ALB23_Kyam","31° 27′ 27.7″ E","0° 38′ 25″ N",31.4576944444444,0.640277777777778,"[0-8]",0.0141176470588235,0.04,0.0894117647058824,0.0558912386706949
"44","ALB23COF2_Kyam",0,93,0,136,82,990,283,"Ac","Kyamutuma","Op1",10,0.43,"ALB23_Kyam","31° 27′ 27.7″ E","0° 38′ 25″ N",31.4576944444444,0.640277777777778,"(8-16]",0,0.328621908127208,0,0.1372351160444
"45","ALB23COF3_Kyam",0,10,44,63,33,398,250,"Ac","Kyamutuma","Clone C",20,0.43,"ALB23_Kyam","31° 27′ 27.7″ E","0° 38′ 25″ N",31.4576944444444,0.640277777777778,"(16-22]",0,0.04,0.176,0.157894736842105
"46","ALB24COF1_Luwu",0,44,5,162,69,832,237,"Ac","Luwunga","Clone C",5,0.01,"ALB24_Luwu","31° 29′ 7.3″ E","0° 36′ 24.4″ N",31.4853611111111,0.606777777777778,"[0-8]",0,0.185654008438819,0.0210970464135021,0.194477791116447
"47","ALB24COF2_Luwu",4,28,13,154,71,851,235,"Ac","Luwunga","Clone F",11,0.01,"ALB24_Luwu","31° 29′ 7.3″ E","0° 36′ 24.4″ N",31.4853611111111,0.606777777777778,"(8-16]",0.0170212765957447,0.119148936170213,0.0553191489361702,0.18075117370892
"48","ALB24COF3_Luwu",2,43,7,54,69,827,259,"Ac","Luwunga","Clone D",20,0.01,"ALB24_Luwu","31° 29′ 7.3″ E","0° 36′ 24.4″ N",31.4853611111111,0.606777777777778,"(16-22]",0.00772200772200772,0.166023166023166,0.027027027027027,0.0652173913043478
"49","ALB2COF1_Luwu",2,55,10,272,100,1198,177,"Ac","Luwunga","Clone A",4.5,41.42,"ALB2_Luwu","31° 29′ 13.6″ E","0° 36′ 49.6″ N",31.4871111111111,0.613777777777778,"[0-8]",0.0112994350282486,0.310734463276836,0.0564971751412429,0.226855713094245
"50","ALB2COF2_Luwu",0,36,2,260,78,941,132,"Ac","Luwunga","Clone B",12.5,41.42,"ALB2_Luwu","31° 29′ 13.6″ E","0° 36′ 49.6″ N",31.4871111111111,0.613777777777778,"(8-16]",0,0.272727272727273,0.0151515151515152,0.276008492569002
"51","ALB2COF3_Luwu",0,74,0,213,48,572,258,"Ac","Luwunga","Clone A",20,41.42,"ALB2_Luwu","31° 29′ 13.6″ E","0° 36′ 49.6″ N",31.4871111111111,0.613777777777778,"(16-22]",0,0.286821705426357,0,0.371727748691099
"52","ALB3COF1_Luwu",0,56,2,99,49,589,166,"Ac","Luwunga","Clone F",5,3.25,"ALB3_Luwu","31° 29′ 14.8″ E","0° 36′ 50.1″ N",31.4874444444444,0.613916666666667,"[0-8]",0,0.337349397590361,0.0120481927710843,0.167796610169492
"53","ALB3COF2_Luwu",4,34,0,40,51,615,216,"Ac","Luwunga","Clone B",13,3.25,"ALB3_Luwu","31° 29′ 14.8″ E","0° 36′ 50.1″ N",31.4874444444444,0.613916666666667,"(8-16]",0.0185185185185185,0.157407407407407,0,0.0649350649350649
"54","ALB3COF3_Luwu",2,28,0,80,32,381,229,"Ac","Luwunga","Clone B",20,3.25,"ALB3_Luwu","31° 29′ 14.8″ E","0° 36′ 50.1″ N",31.4874444444444,0.613916666666667,"(16-22]",0.00873362445414847,0.122270742358079,0,0.209424083769634
"55","ALB4COF1_Kite",0,34,6,45,36,431,258,"Ac","Kitemba","Op1",5,65.26,"ALB4_Kite","31° 29′ 6.4″ E","0° 37′ 53.5″ N",31.4851111111111,0.631527777777778,"[0-8]",0,0.131782945736434,0.0232558139534884,0.104166666666667
"56","ALB4COF2_Kite",0,11,2,1,18,220,196,"Ac","Kitemba","Op1",10,65.26,"ALB4_Kite","31° 29′ 6.4″ E","0° 37′ 53.5″ N",31.4851111111111,0.631527777777778,"(8-16]",0,0.0561224489795918,0.0102040816326531,0.00452488687782805
"57","ALB4COF3_Kite",0,63,5,208,73,876,302,"Ac","Kitemba","Clone F",20,65.26,"ALB4_Kite","31° 29′ 6.4″ E","0° 37′ 53.5″ N",31.4851111111111,0.631527777777778,"(16-22]",0,0.208609271523179,0.0165562913907285,0.237172177879133
"58","ALB5COF1_Kita",0,42,0,89,104,1252,202,"Ac","Kitagweta","Clone B",5,2.95,"ALB5_Kita","31° 28′ 9.2″ E","0° 37′ 34.5″ N",31.4692222222222,0.62625,"[0-8]",0,0.207920792079208,0,0.0710295291300878
"59","ALB5COF2_Kita",0,30,0,70,60,719,137,"Ac","Kitagweta","Clone C",10,2.95,"ALB5_Kita","31° 28′ 9.2″ E","0° 37′ 34.5″ N",31.4692222222222,0.62625,"(8-16]",0,0.218978102189781,0,0.0972222222222222
"60","ALB5COF3_Kita",0,65,3,0,0,0,288,"Ac","Kitagweta","Clone B",20,2.95,"ALB5_Kita","31° 28′ 9.2″ E","0° 37′ 34.5″ N",31.4692222222222,0.62625,"(16-22]",0,0.225694444444444,0.0104166666666667,0
"61","ALB6COF1_Kita",0,39,7,54,42,506,152,"Ac","Kitagweta","Op2",5,0.12,"ALB6_Kita","31° 28′ 17.5″ E","0° 37′ 33.3″ N",31.4715277777778,0.625916666666667,"[0-8]",0,0.256578947368421,0.0460526315789474,0.106508875739645
"62","ALB6COF2_Kita",0,80,10,61,35,416,163,"Ac","Kitagweta","Op2",10,0.12,"ALB6_Kita","31° 28′ 17.5″ E","0° 37′ 33.3″ N",31.4715277777778,0.625916666666667,"(8-16]",0,0.49079754601227,0.0613496932515337,0.146282973621103
"63","ALB6COF3_Kita",0,24,9,29,19,231,191,"Ac","Kitagweta","Op2",21,0.12,"ALB6_Kita","31° 28′ 17.5″ E","0° 37′ 33.3″ N",31.4715277777778,0.625916666666667,"(16-22]",0,0.12565445026178,0.0471204188481675,0.125
"64","ALB7COF1_Kita",5,36,4,45,59,709,130,"Ac","Kitagweta","Clone C",5,0.74,"ALB7_Kita","31° 28′ 17.1″ E","0° 37′ 32.2″ N",31.4714166666667,0.625611111111111,"[0-8]",0.0384615384615385,0.276923076923077,0.0307692307692308,0.0633802816901408
"65","ALB7COF2_Kita",5,20,6,25,77,925,292,"Ac","Kitagweta","Clone A",12,0.74,"ALB7_Kita","31° 28′ 17.1″ E","0° 37′ 32.2″ N",31.4714166666667,0.625611111111111,"(8-16]",0.0171232876712329,0.0684931506849315,0.0205479452054795,0.0269978401727862
"66","ALB7COF3_Kita",2,12,11,95,93,1115,196,"Ac","Kitagweta","Op1",22,0.74,"ALB7_Kita","31° 28′ 17.1″ E","0° 37′ 32.2″ N",31.4714166666667,0.625611111111111,"(16-22]",0.0102040816326531,0.0612244897959184,0.0561224489795918,0.0851254480286738
"67","ALB8COF1_Kita",0,31,10,88,37,448,185,"Ac","Kitagweta","Op1",3,23.01,"ALB8_Kita","31° 28′ 16.3″ E","0° 37′ 32.1″ N",31.4711944444444,0.625583333333333,"[0-8]",0,0.167567567567568,0.0540540540540541,0.195991091314031
"68","ALB8COF2_Kita",5,5,5,36,13,158,205,"Ac","Kitagweta","Clone F",10,23.01,"ALB8_Kita","31° 28′ 16.3″ E","0° 37′ 32.1″ N",31.4711944444444,0.625583333333333,"(8-16]",0.024390243902439,0.024390243902439,0.024390243902439,0.226415094339623
"69","ALB8COF3_Kita",8,7,12,3,24,285,178,"Ac","Kitagweta","Clone B",19,23.01,"ALB8_Kita","31° 28′ 16.3″ E","0° 37′ 32.1″ N",31.4711944444444,0.625583333333333,"(16-22]",0.0449438202247191,0.0393258426966292,0.0674157303370786,0.0104895104895105
"70","ALB9COF1_Kita",2,67,16,200,81,969,347,"Ac","Kitagweta","Op1",5,16.65,"ALB9_Kita","31° 28′ 32″ E","0° 37′ 30.7″ N",31.4755555555556,0.625194444444444,"[0-8]",0.00576368876080692,0.193083573487032,0.0461095100864553,0.206185567010309
"71","ALB9COF2_Kita",0,35,7,129,179,2151,325,"Ac","Kitagweta","Clone B",12,16.65,"ALB9_Kita","31° 28′ 32″ E","0° 37′ 30.7″ N",31.4755555555556,0.625194444444444,"(8-16]",0,0.107692307692308,0.0215384615384615,0.0599442379182156
"72","ALB9COF3_Kita",6,18,7,191,80,964,121,"Ac","Kitagweta","Clone B",20,16.65,"ALB9_Kita","31° 28′ 32″ E","0° 37′ 30.7″ N",31.4755555555556,0.625194444444444,"(16-22]",0.0495867768595041,0.148760330578512,0.0578512396694215,0.197927461139896
"73","AVO10COF1_Kita",0,34,0,162,58,692,99,"Pa","Kitagweta","Clone C",5,4.62,"AVO10_Kita","31° 27′ 55.6″ E","0° 37′ 26.1″ N",31.4654444444444,0.623916666666667,"[0-8]",0,0.343434343434343,0,0.233766233766234
"74","AVO10COF2_Kita",0,20,5,38,32,384,144,"Pa","Kitagweta","Op1",10,4.62,"AVO10_Kita","31° 27′ 55.6″ E","0° 37′ 26.1″ N",31.4654444444444,0.623916666666667,"(8-16]",0,0.138888888888889,0.0347222222222222,0.0987012987012987
"75","AVO10COF3_Kita",2,14,3,66,118,1418,135,"Pa","Kitagweta","Clone A",22,4.62,"AVO10_Kita","31° 27′ 55.6″ E","0° 37′ 26.1″ N",31.4654444444444,0.623916666666667,"(16-22]",0.0148148148148148,0.103703703703704,0.0222222222222222,0.0465116279069767
"76","AVO11COF1_Kita",4,35,1,45,53,632,315,"Pa","Kitagweta","Clone H",5,7.53,"AVO11_Kita","31° 27′ 55.6″ E","0° 37′ 26.1″ N",31.4654444444444,0.623916666666667,"[0-8]",0.0126984126984127,0.111111111111111,0.00317460317460317,0.0710900473933649
"77","AVO11COF2_Kita",27,7,0,201,42,507,225,"Pa","Kitagweta","Clone D",11,7.53,"AVO11_Kita","31° 27′ 55.6″ E","0° 37′ 26.1″ N",31.4654444444444,0.623916666666667,"(8-16]",0.12,0.0311111111111111,0,0.395669291338583
"78","AVO11COF3_Kita",3,14,34,302,160,1917,286,"Pa","Kitagweta","Clone A",20,7.53,"AVO11_Kita","31° 27′ 55.6″ E","0° 37′ 26.1″ N",31.4654444444444,0.623916666666667,"(16-22]",0.0104895104895105,0.048951048951049,0.118881118881119,0.157455683003128
"79","AVO12COF1_Kite",8,53,7,110,80,956,192,"Pa","Kitemba","Clone C",5,29.24,"AVO12_Kite","31° 27' 56.81″ E","0° 37' 33.02″ N",31.4657805555556,0.625838888888889,"[0-8]",0.0416666666666667,0.276041666666667,0.0364583333333333,0.114942528735632
"80","AVO12COF2_Kite",0,49,24,120,51,608,113,"Pa","Kitemba","Clone H",11,29.24,"AVO12_Kite","31° 27' 56.81″ E","0° 37' 33.02″ N",31.4657805555556,0.625838888888889,"(8-16]",0,0.433628318584071,0.212389380530973,0.197044334975369
"81","AVO12COF3_Kite",4,47,9,38,52,629,335,"Pa","Kitemba","Clone F",20,29.24,"AVO12_Kite","31° 27' 56.81″ E","0° 37' 33.02″ N",31.4657805555556,0.625838888888889,"(16-22]",0.0119402985074627,0.140298507462687,0.026865671641791,0.0603174603174603
"82","AVO13COF1_Kite",0,34,7,42,45,542,166,"Pa","Kitemba","Op1",5,2.42,"AVO13_Kite","31° 28′ 25.1″ E","0° 37′ 3.2″ N",31.4736388888889,0.617555555555556,"[0-8]",0,0.204819277108434,0.0421686746987952,0.0773480662983425
"83","AVO13COF2_Kite",0,41,5,61,64,773,251,"Pa","Kitemba","Clone A",11,2.42,"AVO13_Kite","31° 28′ 25.1″ E","0° 37′ 3.2″ N",31.4736388888889,0.617555555555556,"(8-16]",0,0.163346613545817,0.0199203187250996,0.0788113695090439
"84","AVO13COF3_Kite",0,62,17,90,50,606,271,"Pa","Kitemba","Clone B",20,2.42,"AVO13_Kite","31° 28′ 25.1″ E","0° 37′ 3.2″ N",31.4736388888889,0.617555555555556,"(16-22]",0,0.228782287822878,0.0627306273062731,0.14827018121911
"85","AVO14COF1_Nonv",0,67,0,59,86,1026,205,"Pa","Nonve","Clone F",4,21.35,"AVO14_Nonv","31° 27′ 30.6″ E","0° 38′ 56.8″ N",31.4585,0.649111111111111,"[0-8]",0,0.326829268292683,0,0.0574488802336904
"86","AVO14COF2_Nonv",6,4,28,35,109,1313,391,"Pa","Nonve","Clone A",10,21.35,"AVO14_Nonv","31° 27′ 30.6″ E","0° 38′ 56.8″ N",31.4585,0.649111111111111,"(8-16]",0.0153452685421995,0.010230179028133,0.0716112531969309,0.0266362252663623
"87","AVO14COF3_Nonv",0,57,0,51,88,1059,126,"Pa","Nonve","Clone C",20,21.35,"AVO14_Nonv","31° 27′ 30.6″ E","0° 38′ 56.8″ N",31.4585,0.649111111111111,"(16-22]",0,0.452380952380952,0,0.0481132075471698
"88","AVO15COF1_Nonv",0,127,0,87,164,1971,277,"Pa","Nonve","Clone B",5,17.37,"AVO15_Nonv","31° 27′ 32.3″ E","0° 38′ 56.9″ N",31.4589722222222,0.649138888888889,"[0-8]",0,0.458483754512635,0,0.0441176470588235
"89","AVO15COF2_Nonv",0,46,5,84,69,826,100,"Pa","Nonve","Clone C",11,17.37,"AVO15_Nonv","31° 27′ 32.3″ E","0° 38′ 56.9″ N",31.4589722222222,0.649138888888889,"(8-16]",0,0.46,0.05,0.101571946795647
"90","AVO15COF3_Nonv",0,68,4,96,88,1050,313,"Pa","Nonve","Clone H",20,17.37,"AVO15_Nonv","31° 27′ 32.3″ E","0° 38′ 56.9″ N",31.4589722222222,0.649138888888889,"(16-22]",0,0.217252396166134,0.012779552715655,0.0913415794481446
"91","AVO16COF1_Kyam",1,30,27,138,87,1042,173,"Pa","Kyamutuma","Clone A",4,21.11,"AVO16_Kyam","31° 26′ 54.4″ E","0° 37′ 52.9″ N",31.4484444444444,0.631361111111111,"[0-8]",0.00578034682080925,0.173410404624277,0.15606936416185,0.132310642377756
"92","AVO16COF2_Kyam",2,21,5,79,72,863,221,"Pa","Kyamutuma","Clone B",11,21.11,"AVO16_Kyam","31° 26′ 54.4″ E","0° 37′ 52.9″ N",31.4484444444444,0.631361111111111,"(8-16]",0.00904977375565611,0.0950226244343891,0.0226244343891403,0.0914351851851852
"93","AVO16COF3_Kyam",1,17,18,147,78,930,184,"Pa","Kyamutuma","Clone B",19,21.11,"AVO16_Kyam","31° 26′ 54.4″ E","0° 37′ 52.9″ N",31.4484444444444,0.631361111111111,"(16-22]",0.00543478260869565,0.0923913043478261,0.0978260869565217,0.157894736842105
"94","AVO17COF1_Kyam",0,36,0,116,67,799,129,"Pa","Kyamutuma","Clone C",5,6.2,"AVO17_Kyam","31° 26′ 54.4″ E","0° 37′ 52.9″ N",31.4484444444444,0.631361111111111,"[0-8]",0,0.27906976744186,0,0.145
"95","AVO17COF2_Kyam",0,52,0,26,6,77,184,"Pa","Kyamutuma","Clone C",10,6.2,"AVO17_Kyam","31° 26′ 54.4″ E","0° 37′ 52.9″ N",31.4484444444444,0.631361111111111,"(8-16]",0,0.282608695652174,0,0.333333333333333
"96","AVO17COF3_Kyam",12,38,3,59,72,868,191,"Pa","Kyamutuma","Clone B",20,6.2,"AVO17_Kyam","31° 26′ 54.4″ E","0° 37′ 52.9″ N",31.4484444444444,0.631361111111111,"(16-22]",0.06282722513089,0.198952879581152,0.0157068062827225,0.0678941311852704
"97","AVO18COF1_Kyam",2,21,4,28,12,142,235,"Pa","Kyamutuma","Clone B",5,2.32,"AVO18_Kyam","31° 26′ 54.9″ E","0° 37′ 52.7″ N",31.4485833333333,0.631305555555556,"[0-8]",0.00851063829787234,0.0893617021276596,0.0170212765957447,0.195804195804196
"98","AVO18COF2_Kyam",1,25,4,5,15,175,200,"Pa","Kyamutuma","Clone B",11,2.32,"AVO18_Kyam","31° 26′ 54.9″ E","0° 37′ 52.7″ N",31.4485833333333,0.631305555555556,"(8-16]",0.005,0.125,0.02,0.0284090909090909
"99","AVO18COF3_Kyam",0,31,6,15,26,308,153,"Pa","Kyamutuma","Clone B",19,2.32,"AVO18_Kyam","31° 26′ 54.9″ E","0° 37′ 52.7″ N",31.4485833333333,0.631305555555556,"(16-22]",0,0.202614379084967,0.0392156862745098,0.0485436893203883
"100","AVO19COF1_Luwu",1,19,3,8,20,242,218,"Pa","Luwunga","Op1",5,0.83,"AVO19_Luwu","31° 29′ 5.2″ E","0° 36′ 33.6″ N",31.4847777777778,0.609333333333333,"[0-8]",0.00458715596330275,0.0871559633027523,0.0137614678899083,0.0329218106995885
"101","AVO19COF2_Luwu",2,20,0,1,1,15,185,"Pa","Luwunga","Clone B",11,0.83,"AVO19_Luwu","31° 29′ 5.2″ E","0° 36′ 33.6″ N",31.4847777777778,0.609333333333333,"(8-16]",0.0108108108108108,0.108108108108108,0,0.0625
"102","AVO19COF3_Luwu",2,9,13,34,51,610,261,"Pa","Luwunga","Clone D",20,0.83,"AVO19_Luwu","31° 29′ 5.2″ E","0° 36′ 33.6″ N",31.4847777777778,0.609333333333333,"(16-22]",0.00766283524904215,0.0344827586206897,0.0498084291187739,0.0556464811783961
"103","AVO1COF1_Luwu",2,26,18,48,28,338,181,"Pa","Luwunga","Op2",5.5,19.16,"AVO1_Luwu","31° 28′ 41.2174″ E","0° 36′ 47.8089″ N",31.4781159444444,0.61328025,"[0-8]",0.0110497237569061,0.143646408839779,0.0994475138121547,0.141592920353982
"104","AVO1COF2_Luwu",70,21,7,55,47,565,168,"Pa","Luwunga","Clone C",11,19.16,"AVO1_Luwu","31° 28′ 41.2174″ E","0° 36′ 47.8089″ N",31.4781159444444,0.61328025,"(8-16]",0.416666666666667,0.125,0.0416666666666667,0.0971731448763251
"105","AVO1COF3_Luwu",9,53,15,41,54,649,429,"Pa","Luwunga","Clone A",21,19.16,"AVO1_Luwu","31° 28′ 41.2174″ E","0° 36′ 47.8089″ N",31.4781159444444,0.61328025,"(16-22]",0.020979020979021,0.123543123543124,0.034965034965035,0.0630769230769231
"106","AVO2COF1_Luwu",5,61,46,77,46,546,233,"Pa","Luwunga","Clone A",6,24.15,"AVO2_Luwu","31° 28′ 39.1799″ E","0° 36′ 47.6781″ N",31.4775499722222,0.613243916666667,"[0-8]",0.0214592274678112,0.261802575107296,0.197424892703863,0.140767824497258
"107","AVO2COF2_Luwu",10,49,20,101,92,1108,348,"Pa","Luwunga","Clone A",10,24.15,"AVO2_Luwu","31° 28′ 39.1799″ E","0° 36′ 47.6781″ N",31.4775499722222,0.613243916666667,"(8-16]",0.028735632183908,0.140804597701149,0.0574712643678161,0.09107303877367
"108","AVO2COF3_Luwu",7,56,31,120,101,1211,194,"Pa","Luwunga","Clone A",20,24.15,"AVO2_Luwu","31° 28′ 39.1799″ E","0° 36′ 47.6781″ N",31.4775499722222,0.613243916666667,"(16-22]",0.0360824742268041,0.288659793814433,0.15979381443299,0.099009900990099
"109","AVO3COF1_Kite",0,5,1,132,34,412,249,"Pa","Kitemba","Clone H",5,23.36,"AVO3_Kite","31° 28′ 22.5″ E","0° 36′ 57.7″ N",31.4729166666667,0.616027777777778,"[0-8]",0,0.0200803212851406,0.00401606425702811,0.319612590799031
"110","AVO3COF2_Kite",0,13,7,7,3,31,174,"Pa","Kitemba","Clone C",10,23.36,"AVO3_Kite","31° 28′ 22.5″ E","0° 36′ 57.7″ N",31.4729166666667,0.616027777777778,"(8-16]",0,0.0747126436781609,0.0402298850574713,0.21875
"111","AVO3COF3_Kite",0,9,3,171,82,979,178,"Pa","Kitemba","Clone F",20,23.36,"AVO3_Kite","31° 28′ 22.5″ E","0° 36′ 57.7″ N",31.4729166666667,0.616027777777778,"(16-22]",0,0.050561797752809,0.0168539325842697,0.174489795918367
"112","AVO4COF1_Kite",5,23,16,22,29,352,178,"Pa","Kitemba","Op2",5,20.5,"AVO4_Kite","31° 28′ 22″ E","0° 37′ 1.3″ N",31.4727777777778,0.617027777777778,"[0-8]",0.0280898876404494,0.129213483146067,0.0898876404494382,0.0623229461756374
"113","AVO4COF2_Kite",5,22,10,48,23,278,167,"Pa","Kitemba","Op2",10,20.5,"AVO4_Kite","31° 28′ 22″ E","0° 37′ 1.3″ N",31.4727777777778,0.617027777777778,"(8-16]",0.029940119760479,0.131736526946108,0.0598802395209581,0.172043010752688
"114","AVO4COF3_Kite",1,44,14,50,41,490,184,"Pa","Kitemba","Op2",20,20.5,"AVO4_Kite","31° 28′ 22″ E","0° 37′ 1.3″ N",31.4727777777778,0.617027777777778,"(16-22]",0.00543478260869565,0.239130434782609,0.0760869565217391,0.10183299389002
"115","AVO5COF1_Kita",0,29,3,27,43,511,140,"Pa","Kitagweta","Op1",3,0.26,"AVO5_Kita","31° 28′ 35″ E","0° 37′ 30.5″ N",31.4763888888889,0.625138888888889,"[0-8]",0,0.207142857142857,0.0214285714285714,0.052734375
"116","AVO5COF2_Kita",0,66,0,50,76,910,238,"Pa","Kitagweta","Clone F",11,0.26,"AVO5_Kita","31° 28′ 35″ E","0° 37′ 30.5″ N",31.4763888888889,0.625138888888889,"(8-16]",0,0.277310924369748,0,0.0548847420417124
"117","AVO5COF3_Kita",0,20,0,56,44,524,228,"Pa","Kitagweta","Clone A",20,0.26,"AVO5_Kita","31° 28′ 35″ E","0° 37′ 30.5″ N",31.4763888888889,0.625138888888889,"(16-22]",0,0.087719298245614,0,0.106666666666667
"118","AVO6COF1_Kita",5,11,20,118,109,1308,197,"Pa","Kitagweta","Clone A",5,1.04,"AVO6_Kita","31° 28′ 33.9″ E","0° 37′ 29.7″ N",31.4760833333333,0.624916666666667,"[0-8]",0.0253807106598985,0.0558375634517767,0.101522842639594,0.0901451489686784
"119","AVO6COF2_Kita",1,49,0,119,81,888,246,"Pa","Kitagweta","Clone B",11,1.04,"AVO6_Kita","31° 28′ 33.9″ E","0° 37′ 29.7″ N",31.4760833333333,0.624916666666667,"(8-16]",0.0040650406504065,0.199186991869919,0,0.133858267716535
"120","AVO6COF3_Kita",1,41,0,65,44,522,134,"Pa","Kitagweta","Clone C",21,1.04,"AVO6_Kita","31° 28′ 33.9″ E","0° 37′ 29.7″ N",31.4760833333333,0.624916666666667,"(16-22]",0.00746268656716418,0.305970149253731,0,0.124282982791587
"121","AVO7COF1_Kyam",0,42,4,117,47,562,207,"Pa","Kyamutuma","Op2",3,62.7,"AVO7_Kyam","31° 27′ 44.6″ E","0° 38′ 16″ N",31.4623888888889,0.637777777777778,"[0-8]",0,0.202898550724638,0.0193236714975845,0.207815275310835
"122","AVO7COF2_Kyam",1,23,14,17,17,207,105,"Pa","Kyamutuma","Op2",10,62.7,"AVO7_Kyam","31° 27′ 44.6″ E","0° 38′ 16″ N",31.4623888888889,0.637777777777778,"(8-16]",0.00952380952380952,0.219047619047619,0.133333333333333,0.0817307692307692
"123","AVO7COF3_Kyam",1,55,11,82,49,588,171,"Pa","Kyamutuma","Op2",20,62.7,"AVO7_Kyam","31° 27′ 44.6″ E","0° 38′ 16″ N",31.4623888888889,0.637777777777778,"(16-22]",0.00584795321637427,0.321637426900585,0.064327485380117,0.139219015280136
"124","AVO8COF1_Nonv",0,58,3,65,114,1367,323,"Pa","Nonve","Clone B",3,17.05,"AVO8_Nonv","31° 27′ 41.6″ E","0° 38′ 43.7″ N",31.4615555555556,0.645472222222222,"[0-8]",0,0.179566563467492,0.00928792569659443,0.0475146198830409
"125","AVO8COF2_Nonv",34,40,0,41,75,899,243,"Pa","Nonve","Clone F",12,17.05,"AVO8_Nonv","31° 27′ 41.6″ E","0° 38′ 43.7″ N",31.4615555555556,0.645472222222222,"(8-16]",0.139917695473251,0.164609053497942,0,0.0455555555555556
"126","AVO8COF3_Nonv",9,32,0,74,66,792,221,"Pa","Nonve","Clone F",20,17.05,"AVO8_Nonv","31° 27′ 41.6″ E","0° 38′ 43.7″ N",31.4615555555556,0.645472222222222,"(16-22]",0.0407239819004525,0.144796380090498,0,0.0933165195460277
"127","AVO9COF1_Nonv",0,38,29,65,50,602,89,"Pa","Nonve","Op2",5,17.9,"AVO9_Nonv","31° 27′ 41″ E","0° 38′ 42.3″ N",31.4613888888889,0.645083333333333,"[0-8]",0,0.426966292134831,0.325842696629214,0.107794361525705
"128","AVO9COF2_Nonv",10,96,12,48,54,653,432,"Pa","Nonve","Op2",10,17.9,"AVO9_Nonv","31° 27′ 41″ E","0° 38′ 42.3″ N",31.4613888888889,0.645083333333333,"(8-16]",0.0231481481481481,0.222222222222222,0.0277777777777778,0.073394495412844
"129","AVO9COF3_Nonv",10,50,10,30,29,349,150,"Pa","Nonve","Op2",20,17.9,"AVO9_Nonv","31° 27′ 41″ E","0° 38′ 42.3″ N",31.4613888888889,0.645083333333333,"(16-22]",0.0666666666666667,0.333333333333333,0.0666666666666667,0.0857142857142857
"130","FIC10COF1_Kite",0,53,15,13,37,444,259,"Fn","Kitemba","Clone A",5,26.45,"FIC10_Kite","31° 28′ 3.8″ E","0° 37′ 52.5″ N",31.4677222222222,0.63125,"[0-8]",0,0.204633204633205,0.0579150579150579,0.0292134831460674
"131","FIC10COF2_Kite",0,62,32,68,68,818,266,"Fn","Kitemba","Clone F",11,26.45,"FIC10_Kite","31° 28′ 3.8″ E","0° 37′ 52.5″ N",31.4677222222222,0.63125,"(8-16]",0,0.233082706766917,0.120300751879699,0.083028083028083
"132","FIC10COF3_Kite",5,43,29,44,42,498,269,"Fn","Kitemba","Clone A",20,26.45,"FIC10_Kite","31° 28′ 3.8″ E","0° 37′ 52.5″ N",31.4677222222222,0.63125,"(16-22]",0.0185873605947955,0.159851301115242,0.107806691449814,0.0881763527054108
"133","FIC11COF1_Kite",0,62,15,69,30,365,169,"Fn","Kitemba","Op1",5,48.18,"FIC11_Kite","31° 28′ 4.8″ E","0° 37′ 52.4″ N",31.468,0.631222222222222,"[0-8]",0,0.366863905325444,0.0887573964497041,0.188524590163934
"134","FIC11COF2_Kite",3,28,46,56,51,611,447,"Fn","Kitemba","Clone A",10,48.18,"FIC11_Kite","31° 28′ 4.8″ E","0° 37′ 52.4″ N",31.468,0.631222222222222,"(8-16]",0.00671140939597315,0.0626398210290828,0.102908277404922,0.0915032679738562
"135","FIC11COF3_Kite",1,62,10,51,51,617,229,"Fn","Kitemba","Clone F",20,48.18,"FIC11_Kite","31° 28′ 4.8″ E","0° 37′ 52.4″ N",31.468,0.631222222222222,"(16-22]",0.00436681222707424,0.270742358078603,0.0436681222707424,0.0825242718446602
"136","FIC12COF1_Kite",0,28,23,13,8,94,132,"Fn","Kitemba","Op1",4,51.29,"FIC12_Kite","31° 28′ 6.4″ E","0° 37′ 51.5″ N",31.4684444444444,0.630972222222222,"[0-8]",0,0.212121212121212,0.174242424242424,0.136842105263158
"137","FIC12COF2_Kite",1,61,13,22,51,616,254,"Fn","Kitemba","Clone B",10,51.29,"FIC12_Kite","31° 28′ 6.4″ E","0° 37′ 51.5″ N",31.4684444444444,0.630972222222222,"(8-16]",0.00393700787401575,0.240157480314961,0.0511811023622047,0.0356564019448947
"138","FIC12COF3_Kite",1,35,13,55,28,341,144,"Fn","Kitemba","Clone C",20,51.29,"FIC12_Kite","31° 28′ 6.4″ E","0° 37′ 51.5″ N",31.4684444444444,0.630972222222222,"(16-22]",0.00694444444444444,0.243055555555556,0.0902777777777778,0.160818713450292
"139","FIC13COF1_Kyam",7,70,6,164,56,668,197,"Fn","Kyamutuma","Op2",5,1.91,"FIC13_Kyam","31° 27′ 39.7″ E","0° 38′ 12.6″ N",31.4610277777778,0.636833333333333,"[0-8]",0.0355329949238579,0.355329949238579,0.0304568527918782,0.245142002989537
"140","FIC13COF2_Kyam",2,47,45,0,0,0,156,"Fn","Kyamutuma","Op2",11,1.91,"FIC13_Kyam","31° 27′ 39.7″ E","0° 38′ 12.6″ N",31.4610277777778,0.636833333333333,"(8-16]",0.0128205128205128,0.301282051282051,0.288461538461538,0
"141","FIC13COF3_Kyam",2,52,12,59,61,731,129,"Fn","Kyamutuma","Op2",20,1.91,"FIC13_Kyam","31° 27′ 39.7″ E","0° 38′ 12.6″ N",31.4610277777778,0.636833333333333,"(16-22]",0.0155038759689922,0.403100775193798,0.0930232558139535,0.0806010928961749
"142","FIC14COF1_Kyam",0,0,0,0,NA,0,0,"Fn","Kyamutuma","Op2",5,36.5,"FIC14_Kyam","31° 27′ 29″ E","0° 38′ 20″ N",31.4580555555556,0.638888888888889,"[0-8]",NA,NA,NA,0
"143","FIC14COF2_Kyam",0,0,0,0,NA,0,0,"Fn","Kyamutuma","Op2",10,36.5,"FIC14_Kyam","31° 27′ 29″ E","0° 38′ 20″ N",31.4580555555556,0.638888888888889,"(8-16]",NA,NA,NA,0
"144","FIC14COF3_Kyam",0,0,0,0,NA,0,0,"Fn","Kyamutuma","Op2",21,36.5,"FIC14_Kyam","31° 27′ 29″ E","0° 38′ 20″ N",31.4580555555556,0.638888888888889,"(16-22]",NA,NA,NA,0
"145","FIC15COF1_Nonv",0,4,0,2,79,953,185,"Fn","Nonve","Clone A",7,28.5,"FIC15_Nonv","31° 27′ 32.1″ E","0° 38′ 59.4″ N",31.4589166666667,0.649833333333333,"[0-8]",0,0.0216216216216216,0,0.00209643605870021
"146","FIC15COF2_Nonv",0,49,0,38,62,746,112,"Fn","Nonve","Clone C",11,28.5,"FIC15_Nonv","31° 27′ 32.1″ E","0° 38′ 59.4″ N",31.4589166666667,0.649833333333333,"(8-16]",0,0.4375,0,0.0508701472556894
"147","FIC15COF3_Nonv",0,66,0,72,104,1253,123,"Fn","Nonve","Clone C",20,28.5,"FIC15_Nonv","31° 27′ 32.1″ E","0° 38′ 59.4″ N",31.4589166666667,0.649833333333333,"(16-22]",0,0.536585365853659,0,0.0574162679425837
"148","FIC16COF1_Nonv",0,12,9,49,135,1615,309,"Fn","Nonve","Clone A",7,1.03,"FIC16_Nonv","31° 27′ 31.6″ E","0° 38′ 59.5″ N",31.4587777777778,0.649861111111111,"[0-8]",0,0.0388349514563107,0.029126213592233,0.0303217821782178
"149","FIC16COF2_Nonv",0,54,3,20,63,756,199,"Fn","Nonve","Clone F",11,1.03,"FIC16_Nonv","31° 27′ 31.6″ E","0° 38′ 59.5″ N",31.4587777777778,0.649861111111111,"(8-16]",0,0.271356783919598,0.0150753768844221,0.0264200792602378
"150","FIC16COF3_Nonv",0,49,0,53,78,940,91,"Fn","Nonve","Clone C",20,1.03,"FIC16_Nonv","31° 27′ 31.6″ E","0° 38′ 59.5″ N",31.4587777777778,0.649861111111111,"(16-22]",0,0.538461538461538,0,0.0563230605738576
"151","FIC17COF1_Nonv",0,68,3,69,112,1349,169,"Fn","Nonve","Clone A",7,5.05,"FIC17_Nonv","31° 27′ 30.9″ E","0° 38′ 59.4″ N",31.4585833333333,0.649833333333333,"[0-8]",0,0.402366863905325,0.0177514792899408,0.0511111111111111
"152","FIC17COF2_Nonv",0,27,0,18,23,276,121,"Fn","Nonve","Clone C",10,5.05,"FIC17_Nonv","31° 27′ 30.9″ E","0° 38′ 59.4″ N",31.4585833333333,0.649833333333333,"(8-16]",0,0.223140495867769,0,0.0649819494584837
"153","FIC17COF3_Nonv",0,55,1,6,99,1184,154,"Fn","Nonve","Clone B",19,5.05,"FIC17_Nonv","31° 27′ 30.9″ E","0° 38′ 59.4″ N",31.4585833333333,0.649833333333333,"(16-22]",0,0.357142857142857,0.00649350649350649,0.00506329113924051
"154","FIC18COF1_Kyam",12,39,0,95,48,581,113,"Fn","Kyamutuma","Clone C",6,52.27,"FIC18_Kyam","31° 26′ 54.3″ E","0° 37′ 57.7″ N",31.4484166666667,0.632694444444444,"[0-8]",0.106194690265487,0.345132743362832,0,0.163230240549828
"155","FIC18COF2_Kyam",2,40,8,0,0,0,123,"Fn","Kyamutuma","Clone B",11,52.27,"FIC18_Kyam","31° 26′ 54.3″ E","0° 37′ 57.7″ N",31.4484166666667,0.632694444444444,"(8-16]",0.016260162601626,0.32520325203252,0.0650406504065041,0
"156","FIC18COF3_Kyam",4,41,0,93,47,568,171,"Fn","Kyamutuma","Clone C",20,52.27,"FIC18_Kyam","31° 26′ 54.3″ E","0° 37′ 57.7″ N",31.4484166666667,0.632694444444444,"(16-22]",0.0233918128654971,0.239766081871345,0,0.163444639718805
"157","FIC19COF1_Luwu",0,37,16,28,58,691,285,"Fn","Luwunga","Clone F",6,32.5,"FIC19_Luwu","31° 29′ 8.6″ E","0° 36′ 23.5″ N",31.4857222222222,0.606527777777778,"[0-8]",0,0.129824561403509,0.056140350877193,0.0404624277456647
"158","FIC19COF2_Luwu",2,30,3,44,66,792,385,"Fn","Luwunga","Clone A",11,32.5,"FIC19_Luwu","31° 29′ 8.6″ E","0° 36′ 23.5″ N",31.4857222222222,0.606527777777778,"(8-16]",0.00519480519480519,0.0779220779220779,0.00779220779220779,0.0554854981084489
"159","FIC19COF3_Luwu",3,32,12,65,68,814,265,"Fn","Luwunga","Clone D",21,32.5,"FIC19_Luwu","31° 29′ 8.6″ E","0° 36′ 23.5″ N",31.4857222222222,0.606527777777778,"(16-22]",0.0113207547169811,0.120754716981132,0.0452830188679245,0.0797546012269939
"160","FIC1COF1_Kita",4,53,2,22,48,577,200,"Fn","Kitagweta","Op2",3,38.37,"FIC1_Kita","31° 29′ 7.5″ E","0° 37′ 39.4″ N",31.4854166666667,0.627611111111111,"[0-8]",0.02,0.265,0.01,0.0380622837370242
"161","FIC1COF1_Luwu",4,53,2,22,48,577,200,"Fn","Luwunga","Clone B",3,25.58,"FIC1_Luwu","31° 28′ 33.7470″ E","0°36'45.1695″ N",31.4760408333333,0.612547083333333,"[0-8]",0.02,0.265,0.01,0.0380622837370242
"162","FIC1COF2_Kita",6,22,2,20,21,248,284,"Fn","Kitagweta","Op2",12,38.37,"FIC1_Kita","31° 29′ 7.5″ E","0° 37′ 39.4″ N",31.4854166666667,0.627611111111111,"(8-16]",0.0211267605633803,0.0774647887323944,0.00704225352112676,0.0803212851405622
"163","FIC1COF2_Luwu",6,22,2,20,21,248,284,"Fn","Luwunga","Clone B",12,25.58,"FIC1_Luwu","31° 28′ 33.7470″ E","0°36'45.1695″ N",31.4760408333333,0.612547083333333,"(8-16]",0.0211267605633803,0.0774647887323944,0.00704225352112676,0.0803212851405622
"164","FIC1COF3_Kita",2,19,20,22,46,548,238,"Fn","Kitagweta","Op2",22,38.37,"FIC1_Kita","31° 29′ 7.5″ E","0° 37′ 39.4″ N",31.4854166666667,0.627611111111111,"(16-22]",0.00840336134453781,0.0798319327731092,0.0840336134453782,0.0400728597449909
"165","FIC1COF3_Luwu",5,16,20,22,46,548,250,"Fn","Luwunga","Clone B",22,25.58,"FIC1_Luwu","31° 28′ 33.7470″ E","0°36'45.1695″ N",31.4760408333333,0.612547083333333,"(16-22]",0.02,0.064,0.08,0.0400728597449909
"166","FIC20COF1_Luwu",0,26,19,140,67,801,234,"Fn","Luwunga","Clone A",6,30.2,"FIC20_Luwu","31° 29′ 17.6″ E","0° 36′ 28.2″ N",31.4882222222222,0.607833333333333,"[0-8]",0,0.111111111111111,0.0811965811965812,0.174563591022444
"167","FIC20COF2_Luwu",1,46,6,67,48,570,187,"Fn","Luwunga","Clone C",11,30.2,"FIC20_Luwu","31° 29′ 17.6″ E","0° 36′ 28.2″ N",31.4882222222222,0.607833333333333,"(8-16]",0.0053475935828877,0.245989304812834,0.0320855614973262,0.117338003502627
"168","FIC20COF3_Luwu",5,33,7,35,54,649,329,"Fn","Luwunga","Clone F",18,30.2,"FIC20_Luwu","31° 29′ 17.6″ E","0° 36′ 28.2″ N",31.4882222222222,0.607833333333333,"(16-22]",0.0151975683890578,0.100303951367781,0.0212765957446809,0.0538461538461538
"169","FIC2COF1_Luwu",3,30,20,19,36,436,183,"Fn","Luwunga","Clone A",5,23.88,"FIC2_Luwu","31° 28′ 39.0192″ E","0° 36′ 43.9989″ N",31.4775053333333,0.612221916666667,"[0-8]",0.0163934426229508,0.163934426229508,0.109289617486339,0.0434782608695652
"170","FIC2COF2_Luwu",5,40,21,82,84,1006,220,"Fn","Luwunga","Clone A",11,23.88,"FIC2_Luwu","31° 28′ 39.0192″ E","0° 36′ 43.9989″ N",31.4775053333333,0.612221916666667,"(8-16]",0.0227272727272727,0.181818181818182,0.0954545454545455,0.0814299900695134
"171","FIC2COF3_Luwu",1,39,9,52,48,579,184,"Fn","Luwunga","Clone B",21,23.88,"FIC2_Luwu","31° 28′ 39.0192″ E","0° 36′ 43.9989″ N",31.4775053333333,0.612221916666667,"(16-22]",0.00543478260869565,0.21195652173913,0.0489130434782609,0.0896551724137931
"172","FIC3COF1_Kite",0,0,0,0,NA,0,0,"Fn","Kitemba","Op2",3,40.4,"FIC3_Kite","31° 30′ 37.5″ E","0° 46′ 30.9″ N",31.5104166666667,0.77525,"[0-8]",NA,NA,NA,0
"173","FIC3COF2_Kite",0,0,0,0,NA,0,0,"Fn","Kitemba","Op2",11,40.4,"FIC3_Kite","31° 30′ 37.5″ E","0° 46′ 30.9″ N",31.5104166666667,0.77525,"(8-16]",NA,NA,NA,0
"174","FIC3COF3_Kite",0,0,0,0,NA,0,0,"Fn","Kitemba","Op2",20,40.4,"FIC3_Kite","31° 30′ 37.5″ E","0° 46′ 30.9″ N",31.5104166666667,0.77525,"(16-22]",NA,NA,NA,0
"175","FIC4COF1_Kita",0,47,0,3,20,240,145,"Fn","Kitagweta","Clone C",3,19.49,"FIC4_Kita","31° 28′ 7.5″ E","0° 37′ 38.4″ N",31.46875,0.627333333333333,"[0-8]",0,0.324137931034483,0,0.012448132780083
"176","FIC4COF2_Kita",0,79,0,106,30,364,196,"Fn","Kitagweta","Op1",10,19.49,"FIC4_Kita","31° 28′ 7.5″ E","0° 37′ 38.4″ N",31.46875,0.627333333333333,"(8-16]",0,0.403061224489796,0,0.29041095890411
"177","FIC4COF3_Kita",5,35,6,84,58,702,154,"Fn","Kitagweta","Clone C",18,19.49,"FIC4_Kita","31° 28′ 7.5″ E","0° 37′ 38.4″ N",31.46875,0.627333333333333,"(16-22]",0.0324675324675325,0.227272727272727,0.038961038961039,0.119487908961593
"178","FIC5COF1_Kita",1,40,0,8,26,310,118,"Fn","Kitagweta","Clone C",5,21.99,"FIC5_Kita","31° 28′ 8.2″ E","0° 37′ 38.2″ N",31.4689444444444,0.627277777777778,"[0-8]",0.00847457627118644,0.338983050847458,0,0.0257234726688103
"179","FIC5COF2_Kita",0,48,0,85,55,657,136,"Fn","Kitagweta","Clone C",10,21.99,"FIC5_Kita","31° 28′ 8.2″ E","0° 37′ 38.2″ N",31.4689444444444,0.627277777777778,"(8-16]",0,0.352941176470588,0,0.129179331306991
"180","FIC5COF3_Kita",2,74,0,162,118,1413,303,"Fn","Kitagweta","Op1",20,21.99,"FIC5_Kita","31° 28′ 8.2″ E","0° 37′ 38.2″ N",31.4689444444444,0.627277777777778,"(16-22]",0.0066006600660066,0.244224422442244,0,0.114568599717115
"181","FIC6COF1_Kyam",1,46,3,64,63,751,155,"Fn","Kyamutuma","Op2",5,60.51,"FIC6_Kyam","31° 27′ 44.9″ E","0° 38′ 17.1″ N",31.4624722222222,0.638083333333333,"[0-8]",0.00645161290322581,0.296774193548387,0.0193548387096774,0.0851063829787234
"182","FIC6COF2_Kyam",12,17,16,24,19,230,134,"Fn","Kyamutuma","Op2",10,60.51,"FIC6_Kyam","31° 27′ 44.9″ E","0° 38′ 17.1″ N",31.4624722222222,0.638083333333333,"(8-16]",0.0895522388059701,0.126865671641791,0.119402985074627,0.103896103896104
"183","FIC6COF3_Kyam",1,37,6,83,52,618,163,"Fn","Kyamutuma","Op2",20,60.51,"FIC6_Kyam","31° 27′ 44.9″ E","0° 38′ 17.1″ N",31.4624722222222,0.638083333333333,"(16-22]",0.00613496932515337,0.226993865030675,0.0368098159509202,0.134087237479806
"184","FIC7COF1_Kyam",0,86,5,52,87,1039,296,"Fn","Kyamutuma","Op2",3,1.33,"FIC7_Kyam","31° 27′ 42.4″ E","0° 38′ 14.3″ N",31.4617777777778,0.637305555555556,"[0-8]",0,0.290540540540541,0.0168918918918919,0.05
"185","FIC7COF2_Kyam",1,44,38,29,46,558,220,"Fn","Kyamutuma","Op2",11,1.33,"FIC7_Kyam","31° 27′ 42.4″ E","0° 38′ 14.3″ N",31.4617777777778,0.637305555555556,"(8-16]",0.00454545454545455,0.2,0.172727272727273,0.0518783542039356
"186","FIC7COF3_Kyam",41,41,5,31,19,230,209,"Fn","Kyamutuma","Op2",20,1.33,"FIC7_Kyam","31° 27′ 42.4″ E","0° 38′ 14.3″ N",31.4617777777778,0.637305555555556,"(16-22]",0.196172248803828,0.196172248803828,0.0239234449760766,0.134199134199134
"187","FIC8COF1_Nonv",0,16,5,33,46,547,213,"Fn","Nonve","Clone A",3,53.82,"FIC8_Nonv","31° 27′ 29.9″ E","0° 38′ 59″ N",31.4583055555556,0.649722222222222,"[0-8]",0,0.0751173708920188,0.0234741784037559,0.0602189781021898
"188","FIC8COF2_Nonv",0,3,10,159,95,1138,245,"Fn","Nonve","Op1",10,53.82,"FIC8_Nonv","31° 27′ 29.9″ E","0° 38′ 59″ N",31.4583055555556,0.649722222222222,"(8-16]",0,0.0122448979591837,0.0408163265306122,0.139596136962248
"189","FIC8COF3_Nonv",0,32,6,36,71,851,88,"Fn","Nonve","Clone C",20,53.82,"FIC8_Nonv","31° 27′ 29.9″ E","0° 38′ 59″ N",31.4583055555556,0.649722222222222,"(16-22]",0,0.363636363636364,0.0681818181818182,0.0422535211267606
"190","FIC9COF1_Kita",7,28,0,52,48,580,207,"Fn","Kitagweta","Clone F",5,48.01,"FIC9_Kita","31° 27′ 56.6″ E","0° 37′ 25.2″ N",31.4657222222222,0.623666666666667,"[0-8]",0.0338164251207729,0.135265700483092,0,0.0895008605851979
"191","FIC9COF2_Kita",1,46,4,35,73,873,140,"Fn","Kitagweta","Clone B",10,48.01,"FIC9_Kita","31° 27′ 56.6″ E","0° 37′ 25.2″ N",31.4657222222222,0.623666666666667,"(8-16]",0.00714285714285714,0.328571428571429,0.0285714285714286,0.040045766590389
"192","FIC9COF3_Kita",0,97,0,244,109,1310,268,"Fn","Kitagweta","Op1",20,48.01,"FIC9_Kita","31° 27′ 56.6″ E","0° 37′ 25.2″ N",31.4657222222222,0.623666666666667,"(16-22]",0,0.361940298507463,0,0.186117467581998
"193","JAC10COF1_Nonv",6,45,0,118,89,1066,205,"Ah","Nonve","Clone B",5,66.5,"JAC10_Nonv","31° 27′ 44.5″ E","0° 38′ 44.1″ N",31.4623611111111,0.645583333333333,"[0-8]",0.0292682926829268,0.219512195121951,0,0.110590440487348
"194","JAC10COF2_Nonv",4,19,21,15,19,229,238,"Ah","Nonve","Clone A",10,66.5,"JAC10_Nonv","31° 27′ 44.5″ E","0° 38′ 44.1″ N",31.4623611111111,0.645583333333333,"(8-16]",0.0168067226890756,0.0798319327731092,0.0882352941176471,0.0652173913043478
"195","JAC10COF3_Nonv",13,17,3,100,64,765,493,"Ah","Nonve","Clone A",22,66.5,"JAC10_Nonv","31° 27′ 44.5″ E","0° 38′ 44.1″ N",31.4623611111111,0.645583333333333,"(16-22]",0.026369168356998,0.0344827586206897,0.00608519269776876,0.130548302872063
"196","JAC11COF1_Nonv",0,57,8,60,74,884,161,"Ah","Nonve","Clone B",5,59.81,"JAC11_Nonv","31° 27′ 44.5″ E","0° 38′ 44.4″ N",31.4623611111111,0.645666666666667,"[0-8]",0,0.354037267080745,0.0496894409937888,0.0677966101694915
"197","JAC11COF2_Nonv",1,46,0,40,70,835,119,"Ah","Nonve","Clone B",10,59.81,"JAC11_Nonv","31° 27′ 44.5″ E","0° 38′ 44.4″ N",31.4623611111111,0.645666666666667,"(8-16]",0.00840336134453781,0.38655462184874,0,0.0478468899521531
"198","JAC11COF3_Nonv",3,86,0,233,145,1742,367,"Ah","Nonve","Clone B",20,59.81,"JAC11_Nonv","31° 27′ 44.5″ E","0° 38′ 44.4″ N",31.4623611111111,0.645666666666667,"(16-22]",0.00817438692098093,0.23433242506812,0,0.133677567412507
"199","JAC12COF1_Nonv",0,98,0,214,98,1177,308,"Ah","Nonve","Clone F",5,33.05,"JAC12_Nonv","31° 27′ 44.4″ E","0° 38′ 43.9″ N",31.4623333333333,0.645527777777778,"[0-8]",0,0.318181818181818,0,0.181663837011885
"200","JAC12COF2_Nonv",5,37,4,124,107,1282,329,"Ah","Nonve","Clone A",11,33.05,"JAC12_Nonv","31° 27′ 44.4″ E","0° 38′ 43.9″ N",31.4623333333333,0.645527777777778,"(8-16]",0.0151975683890578,0.112462006079027,0.0121580547112462,0.0966484801247077
"201","JAC12COF3_Nonv",0,30,1,95,63,761,83,"Ah","Nonve","Clone C",20,33.05,"JAC12_Nonv","31° 27′ 44.4″ E","0° 38′ 43.9″ N",31.4623333333333,0.645527777777778,"(16-22]",0,0.36144578313253,0.0120481927710843,0.124671916010499
"202","JAC13COF1_Nonv",1,72,0,108,115,1377,142,"Ah","Nonve","Clone C",3,15.29,"JAC13_Nonv","31° 27′ 31″ E","0° 38′ 56″ N",31.4586111111111,0.648888888888889,"[0-8]",0.00704225352112676,0.507042253521127,0,0.0783744557329463
"203","JAC13COF2_Nonv",3,35,2,80,56,674,259,"Ah","Nonve","Clone F",10,15.29,"JAC13_Nonv","31° 27′ 31″ E","0° 38′ 56″ N",31.4586111111111,0.648888888888889,"(8-16]",0.0115830115830116,0.135135135135135,0.00772200772200772,0.118518518518519
"204","JAC13COF3_Nonv",2,65,5,65,78,941,140,"Ah","Nonve","Clone C",20,15.29,"JAC13_Nonv","31° 27′ 31″ E","0° 38′ 56″ N",31.4586111111111,0.648888888888889,"(16-22]",0.0142857142857143,0.464285714285714,0.0357142857142857,0.0690021231422505
"205","JAC14COF1_Kita",2,54,4,49,72,858,222,"Ah","Kitagweta","Clone B",6,36.39,"JAC14_Kita","31° 27′ 58.5″ E","0° 37′ 26.5″ N",31.46625,0.624027777777778,"[0-8]",0.00900900900900901,0.243243243243243,0.018018018018018,0.0570430733410943
"206","JAC14COF2_Kita",2,56,7,197,150,1796,301,"Ah","Kitagweta","Clone B",10,36.39,"JAC14_Kita","31° 27′ 58.5″ E","0° 37′ 26.5″ N",31.46625,0.624027777777778,"(8-16]",0.00664451827242525,0.186046511627907,0.0232558139534884,0.109627156371731
"207","JAC14COF3_Kita",0,69,4,316,130,1555,234,"Ah","Kitagweta","Clone B",21,36.39,"JAC14_Kita","31° 27′ 58.5″ E","0° 37′ 26.5″ N",31.46625,0.624027777777778,"(16-22]",0,0.294871794871795,0.0170940170940171,0.203084832904884
"208","JAC15COF1_Kita",2,26,26,73,70,841,241,"Ah","Kitagweta","Clone F",5,41.98,"JAC15_Kita","31° 27′ 55.2″ E","0° 37′ 25.7″ N",31.4653333333333,0.623805555555556,"[0-8]",0.00829875518672199,0.107883817427386,0.107883817427386,0.0866983372921615
"209","JAC15COF2_Kita",12,21,23,34,37,443,192,"Ah","Kitagweta","Clone A",10,41.98,"JAC15_Kita","31° 27′ 55.2″ E","0° 37′ 25.7″ N",31.4653333333333,0.623805555555556,"(8-16]",0.0625,0.109375,0.119791666666667,0.0765765765765766
"210","JAC15COF3_Kita",0,63,4,201,60,724,199,"Ah","Kitagweta","Clone F",20,41.98,"JAC15_Kita","31° 27′ 55.2″ E","0° 37′ 25.7″ N",31.4653333333333,0.623805555555556,"(16-22]",0,0.316582914572864,0.0201005025125628,0.277241379310345
"211","JAC16COF1_Kyam",1,34,42,36,32,382,293,"Ah","Kyamutuma","Op2",3,7.23,"JAC16_Kyam","31° 27′ 12.2″ E","0° 38′ 21.9″ N",31.4533888888889,0.639416666666667,"[0-8]",0.00341296928327645,0.116040955631399,0.143344709897611,0.0939947780678851
"212","JAC16COF2_Kyam",0,44,16,33,21,254,146,"Ah","Kyamutuma","Op2",10,7.23,"JAC16_Kyam","31° 27′ 12.2″ E","0° 38′ 21.9″ N",31.4533888888889,0.639416666666667,"(8-16]",0,0.301369863013699,0.10958904109589,0.129411764705882
"213","JAC16COF3_Kyam",0,28,10,96,47,565,166,"Ah","Kyamutuma","Op2",18,7.23,"JAC16_Kyam","31° 27′ 12.2″ E","0° 38′ 21.9″ N",31.4533888888889,0.639416666666667,"(16-22]",0,0.168674698795181,0.0602409638554217,0.169611307420495
"214","JAC17COF1_Kyam",3,47,13,36,25,297,246,"Ah","Kyamutuma","Op2",6,23.55,"JAC17_Kyam","31° 27′ 12.8″ E","0° 38′ 22.5″ N",31.4535555555556,0.639583333333333,"[0-8]",0.0121951219512195,0.191056910569106,0.0528455284552846,0.120805369127517
"215","JAC17COF2_Kyam",0,37,10,37,29,352,182,"Ah","Kyamutuma","Op2",10,23.55,"JAC17_Kyam","31° 27′ 12.8″ E","0° 38′ 22.5″ N",31.4535555555556,0.639583333333333,"(8-16]",0,0.203296703296703,0.0549450549450549,0.104815864022663
"216","JAC17COF3_Kyam",2,42,7,63,24,288,146,"Ah","Kyamutuma","Op2",20,23.55,"JAC17_Kyam","31° 27′ 12.8″ E","0° 38′ 22.5″ N",31.4535555555556,0.639583333333333,"(16-22]",0.0136986301369863,0.287671232876712,0.0479452054794521,0.217993079584775
"217","JAC18COF1_Kyam",4,64,15,28,43,521,225,"Ah","Kyamutuma","Op2",5,36.28,"JAC18_Kyam","31° 26′ 54.9″ E","0° 37′ 52.7″ N",31.4485833333333,0.631305555555556,"[0-8]",0.0177777777777778,0.284444444444444,0.0666666666666667,0.053639846743295
"218","JAC18COF2_Kyam",0,40,12,63,42,510,143,"Ah","Kyamutuma","Op2",10,36.28,"JAC18_Kyam","31° 26′ 54.9″ E","0° 37′ 52.7″ N",31.4485833333333,0.631305555555556,"(8-16]",0,0.27972027972028,0.0839160839160839,0.123287671232877
"219","JAC18COF3_Kyam",2,36,10,20,33,391,291,"Ah","Kyamutuma","Op2",20,36.28,"JAC18_Kyam","31° 26′ 54.9″ E","0° 37′ 52.7″ N",31.4485833333333,0.631305555555556,"(16-22]",0.00687285223367698,0.123711340206186,0.0343642611683849,0.0510204081632653
"220","JAC19COF1_Luwu",15,32,10,14,59,710,362,"Ah","Luwunga","Clone H",3,1.72,"JAC19_Luwu","31° 29′ 11.9″ E","0° 36′ 22.5″ N",31.4866388888889,0.60625,"[0-8]",0.0414364640883978,0.0883977900552486,0.0276243093922652,0.019690576652602
"221","JAC19COF2_Luwu",0,41,9,16,38,456,240,"Ah","Luwunga","Clone A",9,1.72,"JAC19_Luwu","31° 29′ 11.9″ E","0° 36′ 22.5″ N",31.4866388888889,0.60625,"(8-16]",0,0.170833333333333,0.0375,0.0350109409190372
"222","JAC19COF3_Luwu",0,12,3,3,8,94,197,"Ah","Luwunga","Clone B",20,1.72,"JAC19_Luwu","31° 29′ 11.9″ E","0° 36′ 22.5″ N",31.4866388888889,0.60625,"(16-22]",0,0.0609137055837563,0.0152284263959391,0.0315789473684211
"223","JAC1COF1_Kite",3,12,4,0,2,29,204,"Ah","Kitemba","Clone A",5,66.93,"JAC1_Kite","31° 28′ 22.2″ E","0° 36′ 60″ N",31.4728333333333,0.616666666666667,"[0-8]",0.0147058823529412,0.0588235294117647,0.0196078431372549,0
"224","JAC1COF2_Kite",0,64,0,21,4,48,201,"Ah","Kitemba","Clone B",11,66.93,"JAC1_Kite","31° 28′ 22.2″ E","0° 36′ 60″ N",31.4728333333333,0.616666666666667,"(8-16]",0,0.318407960199005,0,0.428571428571429
"225","JAC1COF3_Kite",0,26,0,273,38,457,110,"Ah","Kitemba","Clone C",20,66.93,"JAC1_Kite","31° 28′ 22.2″ E","0° 36′ 60″ N",31.4728333333333,0.616666666666667,"(16-22]",0,0.236363636363636,0,0.596069868995633
"226","JAC20COF1_Luwu",0,26,6,60,49,592,165,"Ah","Luwunga","Clone A",4,2.14,"JAC20_Luwu","31° 29′ 13″ E","0° 36′ 21.9″ N",31.4869444444444,0.606083333333333,"[0-8]",0,0.157575757575758,0.0363636363636364,0.101180438448567
"227","JAC20COF2_Luwu",1,13,5,9,39,469,269,"Ah","Luwunga","Clone D",10,2.14,"JAC20_Luwu","31° 29′ 13″ E","0° 36′ 21.9″ N",31.4869444444444,0.606083333333333,"(8-16]",0.00371747211895911,0.0483271375464684,0.0185873605947955,0.0191489361702128
"228","JAC20COF3_Luwu",1,29,15,29,50,603,292,"Ah","Luwunga","Clone A",21,2.14,"JAC20_Luwu","31° 29′ 13″ E","0° 36′ 21.9″ N",31.4869444444444,0.606083333333333,"(16-22]",0.00342465753424658,0.0993150684931507,0.0513698630136986,0.0480132450331126
"229","JAC21COF1_Luwu",0,23,14,9,30,359,233,"Ah","Luwunga","Clone B",4,10.96,"JAC21_Luwu","31° 29′ 13.4″ E","0° 36′ 20.7″ N",31.4870555555556,0.60575,"[0-8]",0,0.0987124463519313,0.0600858369098712,0.025
"230","JAC21COF2_Luwu",0,35,0,16,6,76,190,"Ah","Luwunga","Clone D",10,10.96,"JAC21_Luwu","31° 29′ 13.4″ E","0° 36′ 20.7″ N",31.4870555555556,0.60575,"(8-16]",0,0.184210526315789,0,0.207792207792208
"231","JAC21COF3_Luwu",0,34,0,28,32,381,178,"Ah","Luwunga","Clone B",20,10.96,"JAC21_Luwu","31° 29′ 13.4″ E","0° 36′ 20.7″ N",31.4870555555556,0.60575,"(16-22]",0,0.191011235955056,0,0.0732984293193717
"232","JAC22COF1_Luwu",2,41,6,53,57,680,207,"Ah","Luwunga","Clone B",3,0.915,"JAC22_Luwu","31° 29′ 11.3″ E","0° 36′ 17.7″ N",31.4864722222222,0.604916666666667,"[0-8]",0.00966183574879227,0.198067632850242,0.0289855072463768,0.0778267254038179
"233","JAC22COF2_Luwu",17,33,7,55,53,636,195,"Ah","Luwunga","Op1",10,0.915,"JAC22_Luwu","31° 29′ 11.3″ E","0° 36′ 17.7″ N",31.4864722222222,0.604916666666667,"(8-16]",0.0871794871794872,0.169230769230769,0.0358974358974359,0.0863422291993721
"234","JAC22COF3_Luwu",2,20,0,28,16,187,175,"Ah","Luwunga","Clone B",20,0.915,"JAC22_Luwu","31° 29′ 11.3″ E","0° 36′ 17.7″ N",31.4864722222222,0.604916666666667,"(16-22]",0.0114285714285714,0.114285714285714,0,0.148936170212766
"235","JAC2COF1_Kite",0,15,16,90,25,296,152,"Ah","Kitemba","Clone C",0,33.03,"JAC2_Kite","31° 28′ 24.3″ E","0° 37′ 1.1″ N",31.4734166666667,0.616972222222222,"[0-8]",0,0.0986842105263158,0.105263157894737,0.303030303030303
"236","JAC2COF2_Kite",0,49,2,45,21,257,202,"Ah","Kitemba","Clone B",10,33.03,"JAC2_Kite","31° 28′ 24.3″ E","0° 37′ 1.1″ N",31.4734166666667,0.616972222222222,"(8-16]",0,0.242574257425743,0.0099009900990099,0.174418604651163
"237","JAC2COF3_Kite",0,31,9,204,105,1262,304,"Ah","Kitemba","Op1",20,33.03,"JAC2_Kite","31° 28′ 24.3″ E","0° 37′ 1.1″ N",31.4734166666667,0.616972222222222,"(16-22]",0,0.101973684210526,0.0296052631578947,0.161520190023753
"238","JAC3COF1_Kite",0,65,0,160,50,600,251,"Ah","Kitemba","Clone B",3,31.22,"JAC3_Kite","31° 28′ 22.4″ E","0° 37′ 2.5″ N",31.4728888888889,0.617361111111111,"[0-8]",0,0.258964143426295,0,0.266222961730449
"239","JAC3COF2_Kite",15,29,0,213,150,1797,192,"Ah","Kitemba","Clone C",12,31.22,"JAC3_Kite","31° 28′ 22.4″ E","0° 37′ 2.5″ N",31.4728888888889,0.617361111111111,"(8-16]",0.078125,0.151041666666667,0,0.118464961067853
"240","JAC3COF3_Kite",0,36,0,150,36,438,191,"Ah","Kitemba","Clone C",20,31.22,"JAC3_Kite","31° 28′ 22.4″ E","0° 37′ 2.5″ N",31.4728888888889,0.617361111111111,"(16-22]",0,0.18848167539267,0,0.341685649202733
"241","JAC5COF1_Kite",0,67,0,109,94,1128,291,"Ah","Kitemba","Clone B",5,65.88,"JAC5_Kite","31° 28′ 21″ E","0° 37′ 5″ N",31.4725,0.618055555555556,"[0-8]",0,0.230240549828179,0,0.0965456155890168
"242","JAC5COF2_Kite",0,70,0,419,68,814,138,"Ah","Kitemba","Clone F",10,65.88,"JAC5_Kite","31° 28′ 21″ E","0° 37′ 5″ N",31.4725,0.618055555555556,"(8-16]",0,0.507246376811594,0,0.514110429447853
"243","JAC5COF3_Kite",0,46,0,6,64,767,430,"Ah","Kitemba","Clone A",20,65.88,"JAC5_Kite","31° 28′ 21″ E","0° 37′ 5″ N",31.4725,0.618055555555556,"(16-22]",0,0.106976744186047,0,0.0078125
"244","JAC6COF1_Kita",0,15,21,75,126,1518,284,"Ah","Kitagweta","Clone A",5,21.62,"JAC6_Kita","31° 28′ 34.5″ E","0° 37′ 29.2″ N",31.47625,0.624777777777778,"[0-8]",0,0.0528169014084507,0.073943661971831,0.0493745885450955
"245","JAC6COF2_Kita",0,39,2,129,36,431,83,"Ah","Kitagweta","Clone C",10,21.62,"JAC6_Kita","31° 28′ 34.5″ E","0° 37′ 29.2″ N",31.47625,0.624777777777778,"(8-16]",0,0.469879518072289,0.0240963855421687,0.298611111111111
"246","JAC6COF3_Kita",0,47,3,52,78,936,161,"Ah","Kitagweta","Clone B",21,21.62,"JAC6_Kita","31° 28′ 34.5″ E","0° 37′ 29.2″ N",31.47625,0.624777777777778,"(16-22]",0,0.291925465838509,0.0186335403726708,0.0554962646744931
"247","JAC7COF1_Kita",2,28,0,91,46,550,126,"Ah","Kitagweta","Clone C",3,51.46,"JAC7_Kita","31° 28′ 17.1″ E","0° 37′ 32.1″ N",31.4714166666667,0.625583333333333,"[0-8]",0.0158730158730159,0.222222222222222,0,0.165154264972777
"248","JAC7COF2_Kita",3,0,26,90,32,384,153,"Ah","Kitagweta","Clone A",10,51.46,"JAC7_Kita","31° 28′ 17.1″ E","0° 37′ 32.1″ N",31.4714166666667,0.625583333333333,"(8-16]",0.0196078431372549,0,0.169934640522876,0.233766233766234
"249","JAC7COF3_Kita",7,24,6,103,48,571,255,"Ah","Kitagweta","Clone A",20,51.46,"JAC7_Kita","31° 28′ 17.1″ E","0° 37′ 32.1″ N",31.4714166666667,0.625583333333333,"(16-22]",0.0274509803921569,0.0941176470588235,0.0235294117647059,0.18006993006993
"250","JAC8COF1_Kyam",14,45,18,33,25,303,112,"Ah","Kyamutuma","Op2",3,55.35,"JAC8_Kyam","31° 27′ 35.1″ E","0° 38′ 44.2″ N",31.45975,0.645611111111111,"[0-8]",0.125,0.401785714285714,0.160714285714286,0.108552631578947
"251","JAC8COF2_Kyam",5,29,13,17,21,247,94,"Ah","Kyamutuma","Op2",10,55.35,"JAC8_Kyam","31° 27′ 35.1″ E","0° 38′ 44.2″ N",31.45975,0.645611111111111,"(8-16]",0.0531914893617021,0.308510638297872,0.138297872340426,0.0685483870967742
"252","JAC8COF3_Kyam",0,73,10,29,45,535,163,"Ah","Kyamutuma","Op2",19,55.35,"JAC8_Kyam","31° 27′ 35.1″ E","0° 38′ 44.2″ N",31.45975,0.645611111111111,"(16-22]",0,0.447852760736196,0.0613496932515337,0.0541044776119403
"253","JAC9COF1_Nonv",1,32,4,86,49,588,112,"Ah","Nonve","Clone C",5,48.16,"JAC9_Nonv","31° 27′ 41″ E","0° 38′ 43.5″ N",31.4613888888889,0.645416666666667,"[0-8]",0.00892857142857143,0.285714285714286,0.0357142857142857,0.146010186757216
"254","JAC9COF2_Nonv",0,72,2,162,136,1630,216,"Ah","Nonve","Clone F",10,48.16,"JAC9_Nonv","31° 27′ 41″ E","0° 38′ 43.5″ N",31.4613888888889,0.645416666666667,"(8-16]",0,0.333333333333333,0.00925925925925926,0.0993255671367259
"255","JAC9COF3_Nonv",0,57,4,67,48,571,198,"Ah","Nonve","Clone B",20,48.16,"JAC9_Nonv","31° 27′ 41″ E","0° 38′ 43.5″ N",31.4613888888889,0.645416666666667,"(16-22]",0,0.287878787878788,0.0202020202020202,0.117132867132867
