"","sample_code","disease","shrub_incidence","n","distance","Shade_tree_species","Shade_tree_soil_sample_CODE","Coffee_Variety","Section_of_kawerie"
"1","ALB10COF1_Kita","CLR",1,12,3,"Ac","ALB10_Kita","Op2","Kita"
"2","ALB10COF1_Kita","CRBD",1,12,3,"Ac","ALB10_Kita","Op2","Kita"
"3","ALB10COF1_Kita","CWD",1,12,3,"Ac","ALB10_Kita","Op2","Kita"
"4","ALB10COF2_Kita","CLR",1,12,9,"Ac","ALB10_Kita","Op2","Kita"
"5","ALB10COF2_Kita","CRBD",1,12,9,"Ac","ALB10_Kita","Op2","Kita"
"6","ALB10COF2_Kita","CWD",0,12,9,"Ac","ALB10_Kita","Op2","Kita"
"7","ALB10COF3_Kita","CLR",1,12,20,"Ac","ALB10_Kita","Op2","Kita"
"8","ALB10COF3_Kita","CRBD",1,12,20,"Ac","ALB10_Kita","Op2","Kita"
"9","ALB10COF3_Kita","CWD",1,12,20,"Ac","ALB10_Kita","Op2","Kita"
"10","ALB11COF1_Nonv","CLR",1,12,5,"Ac","ALB11_Nonv","Clone A","Nonv"
"11","ALB11COF1_Nonv","CRBD",1,12,5,"Ac","ALB11_Nonv","Clone A","Nonv"
"12","ALB11COF1_Nonv","CWD",1,12,5,"Ac","ALB11_Nonv","Clone A","Nonv"
"13","ALB11COF2_Nonv","CLR",1,12,10,"Ac","ALB11_Nonv","Clone A","Nonv"
"14","ALB11COF2_Nonv","CRBD",1,12,10,"Ac","ALB11_Nonv","Clone A","Nonv"
"15","ALB11COF2_Nonv","CWD",1,12,10,"Ac","ALB11_Nonv","Clone A","Nonv"
"16","ALB11COF3_Nonv","CLR",1,12,20,"Ac","ALB11_Nonv","Clone B","Nonv"
"17","ALB11COF3_Nonv","CRBD",1,12,20,"Ac","ALB11_Nonv","Clone B","Nonv"
"18","ALB11COF3_Nonv","CWD",1,12,20,"Ac","ALB11_Nonv","Clone B","Nonv"
"19","ALB12COF1_Kyam","CLR",1,12,5,"Ac","ALB12_Kyam","Op2","Kyam"
"20","ALB12COF1_Kyam","CRBD",1,12,5,"Ac","ALB12_Kyam","Op2","Kyam"
"21","ALB12COF1_Kyam","CWD",1,12,5,"Ac","ALB12_Kyam","Op2","Kyam"
"22","ALB12COF2_Kyam","CLR",1,12,10,"Ac","ALB12_Kyam","Op2","Kyam"
"23","ALB12COF2_Kyam","CRBD",1,12,10,"Ac","ALB12_Kyam","Op2","Kyam"
"24","ALB12COF2_Kyam","CWD",0,12,10,"Ac","ALB12_Kyam","Op2","Kyam"
"25","ALB12COF3_Kyam","CLR",1,12,20,"Ac","ALB12_Kyam","Op2","Kyam"
"26","ALB12COF3_Kyam","CRBD",1,12,20,"Ac","ALB12_Kyam","Op2","Kyam"
"27","ALB12COF3_Kyam","CWD",1,12,20,"Ac","ALB12_Kyam","Op2","Kyam"
"28","ALB13COF1_Nonv","CLR",1,12,3,"Ac","ALB13_Nonv","Op2","Nonv"
"29","ALB13COF1_Nonv","CRBD",1,12,3,"Ac","ALB13_Nonv","Op2","Nonv"
"30","ALB13COF1_Nonv","CWD",0,12,3,"Ac","ALB13_Nonv","Op2","Nonv"
"31","ALB13COF2_Nonv","CLR",1,12,10,"Ac","ALB13_Nonv","Op2","Nonv"
"32","ALB13COF2_Nonv","CRBD",1,12,10,"Ac","ALB13_Nonv","Op2","Nonv"
"33","ALB13COF2_Nonv","CWD",0,12,10,"Ac","ALB13_Nonv","Op2","Nonv"
"34","ALB13COF3_Nonv","CLR",1,12,20,"Ac","ALB13_Nonv","Op2","Nonv"
"35","ALB13COF3_Nonv","CRBD",1,12,20,"Ac","ALB13_Nonv","Op2","Nonv"
"36","ALB13COF3_Nonv","CWD",1,12,20,"Ac","ALB13_Nonv","Op2","Nonv"
"37","ALB14COF1_Nonv","CLR",1,12,5,"Ac","ALB14_Nonv","Op2","Nonv"
"38","ALB14COF1_Nonv","CRBD",1,12,5,"Ac","ALB14_Nonv","Op2","Nonv"
"39","ALB14COF1_Nonv","CWD",0,12,5,"Ac","ALB14_Nonv","Op2","Nonv"
"40","ALB14COF2_Nonv","CLR",1,12,10,"Ac","ALB14_Nonv","Op2","Nonv"
"41","ALB14COF2_Nonv","CRBD",1,12,10,"Ac","ALB14_Nonv","Op2","Nonv"
"42","ALB14COF2_Nonv","CWD",1,12,10,"Ac","ALB14_Nonv","Op2","Nonv"
"43","ALB14COF3_Nonv","CLR",1,12,19,"Ac","ALB14_Nonv","Op2","Nonv"
"44","ALB14COF3_Nonv","CRBD",1,12,19,"Ac","ALB14_Nonv","Op2","Nonv"
"45","ALB14COF3_Nonv","CWD",1,12,19,"Ac","ALB14_Nonv","Op2","Nonv"
"46","ALB15COF1_Nonv","CLR",1,12,3,"Ac","ALB15_Nonv","Clone H","Nonv"
"47","ALB15COF1_Nonv","CRBD",1,12,3,"Ac","ALB15_Nonv","Clone H","Nonv"
"48","ALB15COF1_Nonv","CWD",1,12,3,"Ac","ALB15_Nonv","Clone H","Nonv"
"49","ALB15COF2_Nonv","CLR",1,12,10,"Ac","ALB15_Nonv","Clone C","Nonv"
"50","ALB15COF2_Nonv","CRBD",1,12,10,"Ac","ALB15_Nonv","Clone C","Nonv"
"51","ALB15COF2_Nonv","CWD",1,12,10,"Ac","ALB15_Nonv","Clone C","Nonv"
"52","ALB15COF3_Nonv","CLR",1,12,20,"Ac","ALB15_Nonv","Clone C","Nonv"
"53","ALB15COF3_Nonv","CRBD",1,12,20,"Ac","ALB15_Nonv","Clone C","Nonv"
"54","ALB15COF3_Nonv","CWD",1,12,20,"Ac","ALB15_Nonv","Clone C","Nonv"
"55","ALB16COF1_Nonv","CLR",1,12,5,"Ac","ALB16_Nonv","Clone H","Nonv"
"56","ALB16COF1_Nonv","CRBD",1,12,5,"Ac","ALB16_Nonv","Clone H","Nonv"
"57","ALB16COF1_Nonv","CWD",1,12,5,"Ac","ALB16_Nonv","Clone H","Nonv"
"58","ALB16COF2_Nonv","CLR",1,12,10,"Ac","ALB16_Nonv","Clone C","Nonv"
"59","ALB16COF2_Nonv","CRBD",1,12,10,"Ac","ALB16_Nonv","Clone C","Nonv"
"60","ALB16COF2_Nonv","CWD",0,12,10,"Ac","ALB16_Nonv","Clone C","Nonv"
"61","ALB16COF3_Nonv","CLR",1,12,20,"Ac","ALB16_Nonv","Clone A","Nonv"
"62","ALB16COF3_Nonv","CRBD",1,12,20,"Ac","ALB16_Nonv","Clone A","Nonv"
"63","ALB16COF3_Nonv","CWD",1,12,20,"Ac","ALB16_Nonv","Clone A","Nonv"
"64","ALB17COF1_Kite","CLR",1,12,5,"Ac","ALB17_Kite","Op1","Kite"
"65","ALB17COF1_Kite","CRBD",1,12,5,"Ac","ALB17_Kite","Op1","Kite"
"66","ALB17COF1_Kite","CWD",1,12,5,"Ac","ALB17_Kite","Op1","Kite"
"67","ALB17COF2_Kite","CLR",1,12,11,"Ac","ALB17_Kite","Clone A","Kite"
"68","ALB17COF2_Kite","CRBD",1,12,11,"Ac","ALB17_Kite","Clone A","Kite"
"69","ALB17COF2_Kite","CWD",1,12,11,"Ac","ALB17_Kite","Clone A","Kite"
"70","ALB17COF3_Kite","CLR",1,12,20,"Ac","ALB17_Kite","Clone A","Kite"
"71","ALB17COF3_Kite","CRBD",1,12,20,"Ac","ALB17_Kite","Clone A","Kite"
"72","ALB17COF3_Kite","CWD",0,12,20,"Ac","ALB17_Kite","Clone A","Kite"
"73","ALB18COF1_Kite","CLR",0,12,5,"Ac","ALB18_Kite","Clone C","Kite"
"74","ALB18COF1_Kite","CRBD",0,12,5,"Ac","ALB18_Kite","Clone C","Kite"
"75","ALB18COF1_Kite","CWD",0,12,5,"Ac","ALB18_Kite","Clone C","Kite"
"76","ALB18COF2_Kite","CLR",0,12,10,"Ac","ALB18_Kite","Clone A","Kite"
"77","ALB18COF2_Kite","CRBD",0,12,10,"Ac","ALB18_Kite","Clone A","Kite"
"78","ALB18COF2_Kite","CWD",0,12,10,"Ac","ALB18_Kite","Clone A","Kite"
"79","ALB18COF3_Kite","CLR",0,12,22,"Ac","ALB18_Kite","Clone B","Kite"
"80","ALB18COF3_Kite","CRBD",0,12,22,"Ac","ALB18_Kite","Clone B","Kite"
"81","ALB18COF3_Kite","CWD",0,12,22,"Ac","ALB18_Kite","Clone B","Kite"
"82","ALB19COF1_Kite","CLR",1,12,5,"Ac","ALB19_Kite","Op1","Kite"
"83","ALB19COF1_Kite","CRBD",1,12,5,"Ac","ALB19_Kite","Op1","Kite"
"84","ALB19COF1_Kite","CWD",0,12,5,"Ac","ALB19_Kite","Op1","Kite"
"85","ALB19COF2_Kite","CLR",1,12,10,"Ac","ALB19_Kite","Op1","Kite"
"86","ALB19COF2_Kite","CRBD",1,12,10,"Ac","ALB19_Kite","Op1","Kite"
"87","ALB19COF2_Kite","CWD",0,12,10,"Ac","ALB19_Kite","Op1","Kite"
"88","ALB19COF3_Kite","CLR",1,12,20,"Ac","ALB19_Kite","Op1","Kite"
"89","ALB19COF3_Kite","CRBD",1,12,20,"Ac","ALB19_Kite","Op1","Kite"
"90","ALB19COF3_Kite","CWD",0,12,20,"Ac","ALB19_Kite","Op1","Kite"
"91","ALB1COF1_Luwu","CLR",1,12,3,"Ac","ALB1_Luwu","Clone B","Luwu"
"92","ALB1COF1_Luwu","CRBD",1,12,3,"Ac","ALB1_Luwu","Clone B","Luwu"
"93","ALB1COF1_Luwu","CWD",0,12,3,"Ac","ALB1_Luwu","Clone B","Luwu"
"94","ALB1COF2_Luwu","CLR",1,12,7,"Ac","ALB1_Luwu","Clone F","Luwu"
"95","ALB1COF2_Luwu","CRBD",1,12,7,"Ac","ALB1_Luwu","Clone F","Luwu"
"96","ALB1COF2_Luwu","CWD",1,12,7,"Ac","ALB1_Luwu","Clone F","Luwu"
"97","ALB1COF3_Luwu","CLR",1,12,15,"Ac","ALB1_Luwu","Clone A","Luwu"
"98","ALB1COF3_Luwu","CRBD",1,12,15,"Ac","ALB1_Luwu","Clone A","Luwu"
"99","ALB1COF3_Luwu","CWD",0,12,15,"Ac","ALB1_Luwu","Clone A","Luwu"
"100","ALB20COF1_Kite","CLR",1,12,5,"Ac","ALB20_Kite","Clone B","Kite"
"101","ALB20COF1_Kite","CRBD",1,12,5,"Ac","ALB20_Kite","Clone B","Kite"
"102","ALB20COF1_Kite","CWD",0,12,5,"Ac","ALB20_Kite","Clone B","Kite"
"103","ALB20COF2_Kite","CLR",1,12,11,"Ac","ALB20_Kite","Clone A","Kite"
"104","ALB20COF2_Kite","CRBD",1,12,11,"Ac","ALB20_Kite","Clone A","Kite"
"105","ALB20COF2_Kite","CWD",0,12,11,"Ac","ALB20_Kite","Clone A","Kite"
"106","ALB20COF3_Kite","CLR",1,12,20,"Ac","ALB20_Kite","Clone D","Kite"
"107","ALB20COF3_Kite","CRBD",1,12,20,"Ac","ALB20_Kite","Clone D","Kite"
"108","ALB20COF3_Kite","CWD",0,12,20,"Ac","ALB20_Kite","Clone D","Kite"
"109","ALB21COF1_Kyam","CLR",1,12,5,"Ac","ALB21_Kyam","Op2","Kyam"
"110","ALB21COF1_Kyam","CRBD",1,12,5,"Ac","ALB21_Kyam","Op2","Kyam"
"111","ALB21COF1_Kyam","CWD",1,12,5,"Ac","ALB21_Kyam","Op2","Kyam"
"112","ALB21COF2_Kyam","CLR",1,12,11,"Ac","ALB21_Kyam","Op2","Kyam"
"113","ALB21COF2_Kyam","CRBD",1,12,11,"Ac","ALB21_Kyam","Op2","Kyam"
"114","ALB21COF2_Kyam","CWD",1,12,11,"Ac","ALB21_Kyam","Op2","Kyam"
"115","ALB21COF3_Kyam","CLR",1,12,20,"Ac","ALB21_Kyam","Op2","Kyam"
"116","ALB21COF3_Kyam","CRBD",1,12,20,"Ac","ALB21_Kyam","Op2","Kyam"
"117","ALB21COF3_Kyam","CWD",1,12,20,"Ac","ALB21_Kyam","Op2","Kyam"
"118","ALB22COF1_Kyam","CLR",1,12,4,"Ac","ALB22_Kyam","Op2","Kyam"
"119","ALB22COF1_Kyam","CRBD",1,12,4,"Ac","ALB22_Kyam","Op2","Kyam"
"120","ALB22COF1_Kyam","CWD",1,12,4,"Ac","ALB22_Kyam","Op2","Kyam"
"121","ALB22COF2_Kyam","CLR",1,12,10,"Ac","ALB22_Kyam","Op2","Kyam"
"122","ALB22COF2_Kyam","CRBD",1,12,10,"Ac","ALB22_Kyam","Op2","Kyam"
"123","ALB22COF2_Kyam","CWD",0,12,10,"Ac","ALB22_Kyam","Op2","Kyam"
"124","ALB22COF3_Kyam","CLR",1,12,20,"Ac","ALB22_Kyam","Op2","Kyam"
"125","ALB22COF3_Kyam","CRBD",1,12,20,"Ac","ALB22_Kyam","Op2","Kyam"
"126","ALB22COF3_Kyam","CWD",0,12,20,"Ac","ALB22_Kyam","Op2","Kyam"
"127","ALB23COF1_Kyam","CLR",1,12,5,"Ac","ALB23_Kyam","Clone A","Kyam"
"128","ALB23COF1_Kyam","CRBD",1,12,5,"Ac","ALB23_Kyam","Clone A","Kyam"
"129","ALB23COF1_Kyam","CWD",1,12,5,"Ac","ALB23_Kyam","Clone A","Kyam"
"130","ALB23COF2_Kyam","CLR",1,12,10,"Ac","ALB23_Kyam","Op1","Kyam"
"131","ALB23COF2_Kyam","CRBD",1,12,10,"Ac","ALB23_Kyam","Op1","Kyam"
"132","ALB23COF2_Kyam","CWD",0,12,10,"Ac","ALB23_Kyam","Op1","Kyam"
"133","ALB23COF3_Kyam","CLR",1,12,20,"Ac","ALB23_Kyam","Clone C","Kyam"
"134","ALB23COF3_Kyam","CRBD",1,12,20,"Ac","ALB23_Kyam","Clone C","Kyam"
"135","ALB23COF3_Kyam","CWD",0,12,20,"Ac","ALB23_Kyam","Clone C","Kyam"
"136","ALB24COF1_Luwu","CLR",1,12,5,"Ac","ALB24_Luwu","Clone C","Luwu"
"137","ALB24COF1_Luwu","CRBD",1,12,5,"Ac","ALB24_Luwu","Clone C","Luwu"
"138","ALB24COF1_Luwu","CWD",0,12,5,"Ac","ALB24_Luwu","Clone C","Luwu"
"139","ALB24COF2_Luwu","CLR",1,12,11,"Ac","ALB24_Luwu","Clone F","Luwu"
"140","ALB24COF2_Luwu","CRBD",1,12,11,"Ac","ALB24_Luwu","Clone F","Luwu"
"141","ALB24COF2_Luwu","CWD",1,12,11,"Ac","ALB24_Luwu","Clone F","Luwu"
"142","ALB24COF3_Luwu","CLR",1,12,20,"Ac","ALB24_Luwu","Clone D","Luwu"
"143","ALB24COF3_Luwu","CRBD",1,12,20,"Ac","ALB24_Luwu","Clone D","Luwu"
"144","ALB24COF3_Luwu","CWD",1,12,20,"Ac","ALB24_Luwu","Clone D","Luwu"
"145","ALB2COF1_Luwu","CLR",1,12,4.5,"Ac","ALB2_Luwu","Clone A","Luwu"
"146","ALB2COF1_Luwu","CRBD",1,12,4.5,"Ac","ALB2_Luwu","Clone A","Luwu"
"147","ALB2COF1_Luwu","CWD",1,12,4.5,"Ac","ALB2_Luwu","Clone A","Luwu"
"148","ALB2COF2_Luwu","CLR",1,12,12.5,"Ac","ALB2_Luwu","Clone B","Luwu"
"149","ALB2COF2_Luwu","CRBD",1,12,12.5,"Ac","ALB2_Luwu","Clone B","Luwu"
"150","ALB2COF2_Luwu","CWD",0,12,12.5,"Ac","ALB2_Luwu","Clone B","Luwu"
"151","ALB2COF3_Luwu","CLR",1,12,20,"Ac","ALB2_Luwu","Clone A","Luwu"
"152","ALB2COF3_Luwu","CRBD",1,12,20,"Ac","ALB2_Luwu","Clone A","Luwu"
"153","ALB2COF3_Luwu","CWD",0,12,20,"Ac","ALB2_Luwu","Clone A","Luwu"
"154","ALB3COF1_Luwu","CLR",1,12,5,"Ac","ALB3_Luwu","Clone F","Luwu"
"155","ALB3COF1_Luwu","CRBD",1,12,5,"Ac","ALB3_Luwu","Clone F","Luwu"
"156","ALB3COF1_Luwu","CWD",0,12,5,"Ac","ALB3_Luwu","Clone F","Luwu"
"157","ALB3COF2_Luwu","CLR",1,12,13,"Ac","ALB3_Luwu","Clone B","Luwu"
"158","ALB3COF2_Luwu","CRBD",1,12,13,"Ac","ALB3_Luwu","Clone B","Luwu"
"159","ALB3COF2_Luwu","CWD",1,12,13,"Ac","ALB3_Luwu","Clone B","Luwu"
"160","ALB3COF3_Luwu","CLR",1,12,20,"Ac","ALB3_Luwu","Clone B","Luwu"
"161","ALB3COF3_Luwu","CRBD",1,12,20,"Ac","ALB3_Luwu","Clone B","Luwu"
"162","ALB3COF3_Luwu","CWD",1,12,20,"Ac","ALB3_Luwu","Clone B","Luwu"
"163","ALB4COF1_Kite","CLR",1,12,5,"Ac","ALB4_Kite","Op1","Kite"
"164","ALB4COF1_Kite","CRBD",1,12,5,"Ac","ALB4_Kite","Op1","Kite"
"165","ALB4COF1_Kite","CWD",0,12,5,"Ac","ALB4_Kite","Op1","Kite"
"166","ALB4COF2_Kite","CLR",1,12,10,"Ac","ALB4_Kite","Op1","Kite"
"167","ALB4COF2_Kite","CRBD",1,12,10,"Ac","ALB4_Kite","Op1","Kite"
"168","ALB4COF2_Kite","CWD",0,12,10,"Ac","ALB4_Kite","Op1","Kite"
"169","ALB4COF3_Kite","CLR",1,12,20,"Ac","ALB4_Kite","Clone F","Kite"
"170","ALB4COF3_Kite","CRBD",1,12,20,"Ac","ALB4_Kite","Clone F","Kite"
"171","ALB4COF3_Kite","CWD",0,12,20,"Ac","ALB4_Kite","Clone F","Kite"
"172","ALB5COF1_Kita","CLR",1,12,5,"Ac","ALB5_Kita","Clone B","Kita"
"173","ALB5COF1_Kita","CRBD",1,12,5,"Ac","ALB5_Kita","Clone B","Kita"
"174","ALB5COF1_Kita","CWD",0,12,5,"Ac","ALB5_Kita","Clone B","Kita"
"175","ALB5COF2_Kita","CLR",1,12,10,"Ac","ALB5_Kita","Clone C","Kita"
"176","ALB5COF2_Kita","CRBD",1,12,10,"Ac","ALB5_Kita","Clone C","Kita"
"177","ALB5COF2_Kita","CWD",0,12,10,"Ac","ALB5_Kita","Clone C","Kita"
"178","ALB5COF3_Kita","CLR",1,12,20,"Ac","ALB5_Kita","Clone B","Kita"
"179","ALB5COF3_Kita","CRBD",1,12,20,"Ac","ALB5_Kita","Clone B","Kita"
"180","ALB5COF3_Kita","CWD",0,12,20,"Ac","ALB5_Kita","Clone B","Kita"
"181","ALB6COF1_Kita","CLR",1,12,5,"Ac","ALB6_Kita","Op2","Kita"
"182","ALB6COF1_Kita","CRBD",1,12,5,"Ac","ALB6_Kita","Op2","Kita"
"183","ALB6COF1_Kita","CWD",0,12,5,"Ac","ALB6_Kita","Op2","Kita"
"184","ALB6COF2_Kita","CLR",1,12,10,"Ac","ALB6_Kita","Op2","Kita"
"185","ALB6COF2_Kita","CRBD",1,12,10,"Ac","ALB6_Kita","Op2","Kita"
"186","ALB6COF2_Kita","CWD",0,12,10,"Ac","ALB6_Kita","Op2","Kita"
"187","ALB6COF3_Kita","CLR",1,12,21,"Ac","ALB6_Kita","Op2","Kita"
"188","ALB6COF3_Kita","CRBD",1,12,21,"Ac","ALB6_Kita","Op2","Kita"
"189","ALB6COF3_Kita","CWD",0,12,21,"Ac","ALB6_Kita","Op2","Kita"
"190","ALB7COF1_Kita","CLR",1,12,5,"Ac","ALB7_Kita","Clone C","Kita"
"191","ALB7COF1_Kita","CRBD",1,12,5,"Ac","ALB7_Kita","Clone C","Kita"
"192","ALB7COF1_Kita","CWD",1,12,5,"Ac","ALB7_Kita","Clone C","Kita"
"193","ALB7COF2_Kita","CLR",1,12,12,"Ac","ALB7_Kita","Clone A","Kita"
"194","ALB7COF2_Kita","CRBD",1,12,12,"Ac","ALB7_Kita","Clone A","Kita"
"195","ALB7COF2_Kita","CWD",1,12,12,"Ac","ALB7_Kita","Clone A","Kita"
"196","ALB7COF3_Kita","CLR",1,12,22,"Ac","ALB7_Kita","Op1","Kita"
"197","ALB7COF3_Kita","CRBD",1,12,22,"Ac","ALB7_Kita","Op1","Kita"
"198","ALB7COF3_Kita","CWD",1,12,22,"Ac","ALB7_Kita","Op1","Kita"
"199","ALB8COF1_Kita","CLR",1,12,3,"Ac","ALB8_Kita","Op1","Kita"
"200","ALB8COF1_Kita","CRBD",1,12,3,"Ac","ALB8_Kita","Op1","Kita"
"201","ALB8COF1_Kita","CWD",0,12,3,"Ac","ALB8_Kita","Op1","Kita"
"202","ALB8COF2_Kita","CLR",1,12,10,"Ac","ALB8_Kita","Clone F","Kita"
"203","ALB8COF2_Kita","CRBD",1,12,10,"Ac","ALB8_Kita","Clone F","Kita"
"204","ALB8COF2_Kita","CWD",1,12,10,"Ac","ALB8_Kita","Clone F","Kita"
"205","ALB8COF3_Kita","CLR",1,12,19,"Ac","ALB8_Kita","Clone B","Kita"
"206","ALB8COF3_Kita","CRBD",1,12,19,"Ac","ALB8_Kita","Clone B","Kita"
"207","ALB8COF3_Kita","CWD",1,12,19,"Ac","ALB8_Kita","Clone B","Kita"
"208","ALB9COF1_Kita","CLR",1,12,5,"Ac","ALB9_Kita","Op1","Kita"
"209","ALB9COF1_Kita","CRBD",1,12,5,"Ac","ALB9_Kita","Op1","Kita"
"210","ALB9COF1_Kita","CWD",1,12,5,"Ac","ALB9_Kita","Op1","Kita"
"211","ALB9COF2_Kita","CLR",1,12,12,"Ac","ALB9_Kita","Clone B","Kita"
"212","ALB9COF2_Kita","CRBD",1,12,12,"Ac","ALB9_Kita","Clone B","Kita"
"213","ALB9COF2_Kita","CWD",0,12,12,"Ac","ALB9_Kita","Clone B","Kita"
"214","ALB9COF3_Kita","CLR",1,12,20,"Ac","ALB9_Kita","Clone B","Kita"
"215","ALB9COF3_Kita","CRBD",1,12,20,"Ac","ALB9_Kita","Clone B","Kita"
"216","ALB9COF3_Kita","CWD",1,12,20,"Ac","ALB9_Kita","Clone B","Kita"
"217","AVO10COF1_Kita","CLR",1,12,5,"Pa","AVO10_Kita","Clone C","Kita"
"218","AVO10COF1_Kita","CRBD",1,12,5,"Pa","AVO10_Kita","Clone C","Kita"
"219","AVO10COF1_Kita","CWD",0,12,5,"Pa","AVO10_Kita","Clone C","Kita"
"220","AVO10COF2_Kita","CLR",1,12,10,"Pa","AVO10_Kita","Op1","Kita"
"221","AVO10COF2_Kita","CRBD",1,12,10,"Pa","AVO10_Kita","Op1","Kita"
"222","AVO10COF2_Kita","CWD",0,12,10,"Pa","AVO10_Kita","Op1","Kita"
"223","AVO10COF3_Kita","CLR",1,12,22,"Pa","AVO10_Kita","Clone A","Kita"
"224","AVO10COF3_Kita","CRBD",1,12,22,"Pa","AVO10_Kita","Clone A","Kita"
"225","AVO10COF3_Kita","CWD",1,12,22,"Pa","AVO10_Kita","Clone A","Kita"
"226","AVO11COF1_Kita","CLR",1,12,5,"Pa","AVO11_Kita","Clone H","Kita"
"227","AVO11COF1_Kita","CRBD",1,12,5,"Pa","AVO11_Kita","Clone H","Kita"
"228","AVO11COF1_Kita","CWD",1,12,5,"Pa","AVO11_Kita","Clone H","Kita"
"229","AVO11COF2_Kita","CLR",1,12,11,"Pa","AVO11_Kita","Clone D","Kita"
"230","AVO11COF2_Kita","CRBD",1,12,11,"Pa","AVO11_Kita","Clone D","Kita"
"231","AVO11COF2_Kita","CWD",1,12,11,"Pa","AVO11_Kita","Clone D","Kita"
"232","AVO11COF3_Kita","CLR",1,12,20,"Pa","AVO11_Kita","Clone A","Kita"
"233","AVO11COF3_Kita","CRBD",1,12,20,"Pa","AVO11_Kita","Clone A","Kita"
"234","AVO11COF3_Kita","CWD",1,12,20,"Pa","AVO11_Kita","Clone A","Kita"
"235","AVO12COF1_Kite","CLR",1,12,5,"Pa","AVO12_Kite","Clone C","Kite"
"236","AVO12COF1_Kite","CRBD",1,12,5,"Pa","AVO12_Kite","Clone C","Kite"
"237","AVO12COF1_Kite","CWD",1,12,5,"Pa","AVO12_Kite","Clone C","Kite"
"238","AVO12COF2_Kite","CLR",1,12,11,"Pa","AVO12_Kite","Clone H","Kite"
"239","AVO12COF2_Kite","CRBD",1,12,11,"Pa","AVO12_Kite","Clone H","Kite"
"240","AVO12COF2_Kite","CWD",0,12,11,"Pa","AVO12_Kite","Clone H","Kite"
"241","AVO12COF3_Kite","CLR",1,12,20,"Pa","AVO12_Kite","Clone F","Kite"
"242","AVO12COF3_Kite","CRBD",1,12,20,"Pa","AVO12_Kite","Clone F","Kite"
"243","AVO12COF3_Kite","CWD",1,12,20,"Pa","AVO12_Kite","Clone F","Kite"
"244","AVO13COF1_Kite","CLR",1,12,5,"Pa","AVO13_Kite","Op1","Kite"
"245","AVO13COF1_Kite","CRBD",1,12,5,"Pa","AVO13_Kite","Op1","Kite"
"246","AVO13COF1_Kite","CWD",0,12,5,"Pa","AVO13_Kite","Op1","Kite"
"247","AVO13COF2_Kite","CLR",1,12,11,"Pa","AVO13_Kite","Clone A","Kite"
"248","AVO13COF2_Kite","CRBD",1,12,11,"Pa","AVO13_Kite","Clone A","Kite"
"249","AVO13COF2_Kite","CWD",0,12,11,"Pa","AVO13_Kite","Clone A","Kite"
"250","AVO13COF3_Kite","CLR",1,12,20,"Pa","AVO13_Kite","Clone B","Kite"
"251","AVO13COF3_Kite","CRBD",1,12,20,"Pa","AVO13_Kite","Clone B","Kite"
"252","AVO13COF3_Kite","CWD",0,12,20,"Pa","AVO13_Kite","Clone B","Kite"
"253","AVO14COF1_Nonv","CLR",1,12,4,"Pa","AVO14_Nonv","Clone F","Nonv"
"254","AVO14COF1_Nonv","CRBD",1,12,4,"Pa","AVO14_Nonv","Clone F","Nonv"
"255","AVO14COF1_Nonv","CWD",0,12,4,"Pa","AVO14_Nonv","Clone F","Nonv"
"256","AVO14COF2_Nonv","CLR",1,12,10,"Pa","AVO14_Nonv","Clone A","Nonv"
"257","AVO14COF2_Nonv","CRBD",1,12,10,"Pa","AVO14_Nonv","Clone A","Nonv"
"258","AVO14COF2_Nonv","CWD",1,12,10,"Pa","AVO14_Nonv","Clone A","Nonv"
"259","AVO14COF3_Nonv","CLR",1,12,20,"Pa","AVO14_Nonv","Clone C","Nonv"
"260","AVO14COF3_Nonv","CRBD",1,12,20,"Pa","AVO14_Nonv","Clone C","Nonv"
"261","AVO14COF3_Nonv","CWD",0,12,20,"Pa","AVO14_Nonv","Clone C","Nonv"
"262","AVO15COF1_Nonv","CLR",1,12,5,"Pa","AVO15_Nonv","Clone B","Nonv"
"263","AVO15COF1_Nonv","CRBD",1,12,5,"Pa","AVO15_Nonv","Clone B","Nonv"
"264","AVO15COF1_Nonv","CWD",0,12,5,"Pa","AVO15_Nonv","Clone B","Nonv"
"265","AVO15COF2_Nonv","CLR",1,12,11,"Pa","AVO15_Nonv","Clone C","Nonv"
"266","AVO15COF2_Nonv","CRBD",1,12,11,"Pa","AVO15_Nonv","Clone C","Nonv"
"267","AVO15COF2_Nonv","CWD",0,12,11,"Pa","AVO15_Nonv","Clone C","Nonv"
"268","AVO15COF3_Nonv","CLR",1,12,20,"Pa","AVO15_Nonv","Clone H","Nonv"
"269","AVO15COF3_Nonv","CRBD",1,12,20,"Pa","AVO15_Nonv","Clone H","Nonv"
"270","AVO15COF3_Nonv","CWD",0,12,20,"Pa","AVO15_Nonv","Clone H","Nonv"
"271","AVO16COF1_Kyam","CLR",1,12,4,"Pa","AVO16_Kyam","Clone A","Kyam"
"272","AVO16COF1_Kyam","CRBD",1,12,4,"Pa","AVO16_Kyam","Clone A","Kyam"
"273","AVO16COF1_Kyam","CWD",1,12,4,"Pa","AVO16_Kyam","Clone A","Kyam"
"274","AVO16COF2_Kyam","CLR",1,12,11,"Pa","AVO16_Kyam","Clone B","Kyam"
"275","AVO16COF2_Kyam","CRBD",1,12,11,"Pa","AVO16_Kyam","Clone B","Kyam"
"276","AVO16COF2_Kyam","CWD",1,12,11,"Pa","AVO16_Kyam","Clone B","Kyam"
"277","AVO16COF3_Kyam","CLR",1,12,19,"Pa","AVO16_Kyam","Clone B","Kyam"
"278","AVO16COF3_Kyam","CRBD",1,12,19,"Pa","AVO16_Kyam","Clone B","Kyam"
"279","AVO16COF3_Kyam","CWD",1,12,19,"Pa","AVO16_Kyam","Clone B","Kyam"
"280","AVO17COF1_Kyam","CLR",1,12,5,"Pa","AVO17_Kyam","Clone C","Kyam"
"281","AVO17COF1_Kyam","CRBD",1,12,5,"Pa","AVO17_Kyam","Clone C","Kyam"
"282","AVO17COF1_Kyam","CWD",0,12,5,"Pa","AVO17_Kyam","Clone C","Kyam"
"283","AVO17COF2_Kyam","CLR",1,12,10,"Pa","AVO17_Kyam","Clone C","Kyam"
"284","AVO17COF2_Kyam","CRBD",1,12,10,"Pa","AVO17_Kyam","Clone C","Kyam"
"285","AVO17COF2_Kyam","CWD",0,12,10,"Pa","AVO17_Kyam","Clone C","Kyam"
"286","AVO17COF3_Kyam","CLR",1,12,20,"Pa","AVO17_Kyam","Clone B","Kyam"
"287","AVO17COF3_Kyam","CRBD",1,12,20,"Pa","AVO17_Kyam","Clone B","Kyam"
"288","AVO17COF3_Kyam","CWD",1,12,20,"Pa","AVO17_Kyam","Clone B","Kyam"
"289","AVO18COF1_Kyam","CLR",1,12,5,"Pa","AVO18_Kyam","Clone B","Kyam"
"290","AVO18COF1_Kyam","CRBD",1,12,5,"Pa","AVO18_Kyam","Clone B","Kyam"
"291","AVO18COF1_Kyam","CWD",1,12,5,"Pa","AVO18_Kyam","Clone B","Kyam"
"292","AVO18COF2_Kyam","CLR",1,12,11,"Pa","AVO18_Kyam","Clone B","Kyam"
"293","AVO18COF2_Kyam","CRBD",1,12,11,"Pa","AVO18_Kyam","Clone B","Kyam"
"294","AVO18COF2_Kyam","CWD",1,12,11,"Pa","AVO18_Kyam","Clone B","Kyam"
"295","AVO18COF3_Kyam","CLR",1,12,19,"Pa","AVO18_Kyam","Clone B","Kyam"
"296","AVO18COF3_Kyam","CRBD",1,12,19,"Pa","AVO18_Kyam","Clone B","Kyam"
"297","AVO18COF3_Kyam","CWD",0,12,19,"Pa","AVO18_Kyam","Clone B","Kyam"
"298","AVO19COF1_Luwu","CLR",1,12,5,"Pa","AVO19_Luwu","Op1","Luwu"
"299","AVO19COF1_Luwu","CRBD",1,12,5,"Pa","AVO19_Luwu","Op1","Luwu"
"300","AVO19COF1_Luwu","CWD",1,12,5,"Pa","AVO19_Luwu","Op1","Luwu"
"301","AVO19COF2_Luwu","CLR",1,12,11,"Pa","AVO19_Luwu","Clone B","Luwu"
"302","AVO19COF2_Luwu","CRBD",1,12,11,"Pa","AVO19_Luwu","Clone B","Luwu"
"303","AVO19COF2_Luwu","CWD",1,12,11,"Pa","AVO19_Luwu","Clone B","Luwu"
"304","AVO19COF3_Luwu","CLR",1,12,20,"Pa","AVO19_Luwu","Clone D","Luwu"
"305","AVO19COF3_Luwu","CRBD",1,12,20,"Pa","AVO19_Luwu","Clone D","Luwu"
"306","AVO19COF3_Luwu","CWD",1,12,20,"Pa","AVO19_Luwu","Clone D","Luwu"
"307","AVO1COF1_Luwu","CLR",1,12,5.5,"Pa","AVO1_Luwu","Op2","Luwu"
"308","AVO1COF1_Luwu","CRBD",1,12,5.5,"Pa","AVO1_Luwu","Op2","Luwu"
"309","AVO1COF1_Luwu","CWD",1,12,5.5,"Pa","AVO1_Luwu","Op2","Luwu"
"310","AVO1COF2_Luwu","CLR",1,12,11,"Pa","AVO1_Luwu","Clone C","Luwu"
"311","AVO1COF2_Luwu","CRBD",1,12,11,"Pa","AVO1_Luwu","Clone C","Luwu"
"312","AVO1COF2_Luwu","CWD",0,12,11,"Pa","AVO1_Luwu","Clone C","Luwu"
"313","AVO1COF3_Luwu","CLR",1,12,21,"Pa","AVO1_Luwu","Clone A","Luwu"
"314","AVO1COF3_Luwu","CRBD",1,12,21,"Pa","AVO1_Luwu","Clone A","Luwu"
"315","AVO1COF3_Luwu","CWD",1,12,21,"Pa","AVO1_Luwu","Clone A","Luwu"
"316","AVO2COF1_Luwu","CLR",1,12,6,"Pa","AVO2_Luwu","Clone A","Luwu"
"317","AVO2COF1_Luwu","CRBD",1,12,6,"Pa","AVO2_Luwu","Clone A","Luwu"
"318","AVO2COF1_Luwu","CWD",1,12,6,"Pa","AVO2_Luwu","Clone A","Luwu"
"319","AVO2COF2_Luwu","CLR",1,12,10,"Pa","AVO2_Luwu","Clone A","Luwu"
"320","AVO2COF2_Luwu","CRBD",1,12,10,"Pa","AVO2_Luwu","Clone A","Luwu"
"321","AVO2COF2_Luwu","CWD",1,12,10,"Pa","AVO2_Luwu","Clone A","Luwu"
"322","AVO2COF3_Luwu","CLR",1,12,20,"Pa","AVO2_Luwu","Clone A","Luwu"
"323","AVO2COF3_Luwu","CRBD",1,12,20,"Pa","AVO2_Luwu","Clone A","Luwu"
"324","AVO2COF3_Luwu","CWD",1,12,20,"Pa","AVO2_Luwu","Clone A","Luwu"
"325","AVO3COF1_Kite","CLR",1,12,5,"Pa","AVO3_Kite","Clone H","Kite"
"326","AVO3COF1_Kite","CRBD",1,12,5,"Pa","AVO3_Kite","Clone H","Kite"
"327","AVO3COF1_Kite","CWD",0,12,5,"Pa","AVO3_Kite","Clone H","Kite"
"328","AVO3COF2_Kite","CLR",1,12,10,"Pa","AVO3_Kite","Clone C","Kite"
"329","AVO3COF2_Kite","CRBD",1,12,10,"Pa","AVO3_Kite","Clone C","Kite"
"330","AVO3COF2_Kite","CWD",0,12,10,"Pa","AVO3_Kite","Clone C","Kite"
"331","AVO3COF3_Kite","CLR",1,12,20,"Pa","AVO3_Kite","Clone F","Kite"
"332","AVO3COF3_Kite","CRBD",1,12,20,"Pa","AVO3_Kite","Clone F","Kite"
"333","AVO3COF3_Kite","CWD",0,12,20,"Pa","AVO3_Kite","Clone F","Kite"
"334","AVO4COF1_Kite","CLR",1,12,5,"Pa","AVO4_Kite","Op2","Kite"
"335","AVO4COF1_Kite","CRBD",1,12,5,"Pa","AVO4_Kite","Op2","Kite"
"336","AVO4COF1_Kite","CWD",1,12,5,"Pa","AVO4_Kite","Op2","Kite"
"337","AVO4COF2_Kite","CLR",1,12,10,"Pa","AVO4_Kite","Op2","Kite"
"338","AVO4COF2_Kite","CRBD",1,12,10,"Pa","AVO4_Kite","Op2","Kite"
"339","AVO4COF2_Kite","CWD",1,12,10,"Pa","AVO4_Kite","Op2","Kite"
"340","AVO4COF3_Kite","CLR",1,12,20,"Pa","AVO4_Kite","Op2","Kite"
"341","AVO4COF3_Kite","CRBD",1,12,20,"Pa","AVO4_Kite","Op2","Kite"
"342","AVO4COF3_Kite","CWD",1,12,20,"Pa","AVO4_Kite","Op2","Kite"
"343","AVO5COF1_Kita","CLR",1,12,3,"Pa","AVO5_Kita","Op1","Kita"
"344","AVO5COF1_Kita","CRBD",1,12,3,"Pa","AVO5_Kita","Op1","Kita"
"345","AVO5COF1_Kita","CWD",0,12,3,"Pa","AVO5_Kita","Op1","Kita"
"346","AVO5COF2_Kita","CLR",1,12,11,"Pa","AVO5_Kita","Clone F","Kita"
"347","AVO5COF2_Kita","CRBD",1,12,11,"Pa","AVO5_Kita","Clone F","Kita"
"348","AVO5COF2_Kita","CWD",0,12,11,"Pa","AVO5_Kita","Clone F","Kita"
"349","AVO5COF3_Kita","CLR",1,12,20,"Pa","AVO5_Kita","Clone A","Kita"
"350","AVO5COF3_Kita","CRBD",1,12,20,"Pa","AVO5_Kita","Clone A","Kita"
"351","AVO5COF3_Kita","CWD",0,12,20,"Pa","AVO5_Kita","Clone A","Kita"
"352","AVO6COF1_Kita","CLR",1,12,5,"Pa","AVO6_Kita","Clone A","Kita"
"353","AVO6COF1_Kita","CRBD",1,12,5,"Pa","AVO6_Kita","Clone A","Kita"
"354","AVO6COF1_Kita","CWD",1,12,5,"Pa","AVO6_Kita","Clone A","Kita"
"355","AVO6COF2_Kita","CLR",1,12,11,"Pa","AVO6_Kita","Clone B","Kita"
"356","AVO6COF2_Kita","CRBD",1,12,11,"Pa","AVO6_Kita","Clone B","Kita"
"357","AVO6COF2_Kita","CWD",1,12,11,"Pa","AVO6_Kita","Clone B","Kita"
"358","AVO6COF3_Kita","CLR",1,12,21,"Pa","AVO6_Kita","Clone C","Kita"
"359","AVO6COF3_Kita","CRBD",1,12,21,"Pa","AVO6_Kita","Clone C","Kita"
"360","AVO6COF3_Kita","CWD",1,12,21,"Pa","AVO6_Kita","Clone C","Kita"
"361","AVO7COF1_Kyam","CLR",1,12,3,"Pa","AVO7_Kyam","Op2","Kyam"
"362","AVO7COF1_Kyam","CRBD",1,12,3,"Pa","AVO7_Kyam","Op2","Kyam"
"363","AVO7COF1_Kyam","CWD",0,12,3,"Pa","AVO7_Kyam","Op2","Kyam"
"364","AVO7COF2_Kyam","CLR",1,12,10,"Pa","AVO7_Kyam","Op2","Kyam"
"365","AVO7COF2_Kyam","CRBD",1,12,10,"Pa","AVO7_Kyam","Op2","Kyam"
"366","AVO7COF2_Kyam","CWD",1,12,10,"Pa","AVO7_Kyam","Op2","Kyam"
"367","AVO7COF3_Kyam","CLR",1,12,20,"Pa","AVO7_Kyam","Op2","Kyam"
"368","AVO7COF3_Kyam","CRBD",1,12,20,"Pa","AVO7_Kyam","Op2","Kyam"
"369","AVO7COF3_Kyam","CWD",1,12,20,"Pa","AVO7_Kyam","Op2","Kyam"
"370","AVO8COF1_Nonv","CLR",1,12,3,"Pa","AVO8_Nonv","Clone B","Nonv"
"371","AVO8COF1_Nonv","CRBD",1,12,3,"Pa","AVO8_Nonv","Clone B","Nonv"
"372","AVO8COF1_Nonv","CWD",0,12,3,"Pa","AVO8_Nonv","Clone B","Nonv"
"373","AVO8COF2_Nonv","CLR",1,12,12,"Pa","AVO8_Nonv","Clone F","Nonv"
"374","AVO8COF2_Nonv","CRBD",1,12,12,"Pa","AVO8_Nonv","Clone F","Nonv"
"375","AVO8COF2_Nonv","CWD",1,12,12,"Pa","AVO8_Nonv","Clone F","Nonv"
"376","AVO8COF3_Nonv","CLR",1,12,20,"Pa","AVO8_Nonv","Clone F","Nonv"
"377","AVO8COF3_Nonv","CRBD",1,12,20,"Pa","AVO8_Nonv","Clone F","Nonv"
"378","AVO8COF3_Nonv","CWD",1,12,20,"Pa","AVO8_Nonv","Clone F","Nonv"
"379","AVO9COF1_Nonv","CLR",1,12,5,"Pa","AVO9_Nonv","Op2","Nonv"
"380","AVO9COF1_Nonv","CRBD",1,12,5,"Pa","AVO9_Nonv","Op2","Nonv"
"381","AVO9COF1_Nonv","CWD",0,12,5,"Pa","AVO9_Nonv","Op2","Nonv"
"382","AVO9COF2_Nonv","CLR",1,12,10,"Pa","AVO9_Nonv","Op2","Nonv"
"383","AVO9COF2_Nonv","CRBD",1,12,10,"Pa","AVO9_Nonv","Op2","Nonv"
"384","AVO9COF2_Nonv","CWD",0,12,10,"Pa","AVO9_Nonv","Op2","Nonv"
"385","AVO9COF3_Nonv","CLR",1,12,20,"Pa","AVO9_Nonv","Op2","Nonv"
"386","AVO9COF3_Nonv","CRBD",1,12,20,"Pa","AVO9_Nonv","Op2","Nonv"
"387","AVO9COF3_Nonv","CWD",1,12,20,"Pa","AVO9_Nonv","Op2","Nonv"
"388","FIC10COF1_Kite","CLR",1,12,5,"Fn","FIC10_Kite","Clone A","Kite"
"389","FIC10COF1_Kite","CRBD",1,12,5,"Fn","FIC10_Kite","Clone A","Kite"
"390","FIC10COF1_Kite","CWD",0,12,5,"Fn","FIC10_Kite","Clone A","Kite"
"391","FIC10COF2_Kite","CLR",1,12,11,"Fn","FIC10_Kite","Clone F","Kite"
"392","FIC10COF2_Kite","CRBD",1,12,11,"Fn","FIC10_Kite","Clone F","Kite"
"393","FIC10COF2_Kite","CWD",0,12,11,"Fn","FIC10_Kite","Clone F","Kite"
"394","FIC10COF3_Kite","CLR",1,12,20,"Fn","FIC10_Kite","Clone A","Kite"
"395","FIC10COF3_Kite","CRBD",1,12,20,"Fn","FIC10_Kite","Clone A","Kite"
"396","FIC10COF3_Kite","CWD",1,12,20,"Fn","FIC10_Kite","Clone A","Kite"
"397","FIC11COF1_Kite","CLR",1,12,5,"Fn","FIC11_Kite","Op1","Kite"
"398","FIC11COF1_Kite","CRBD",1,12,5,"Fn","FIC11_Kite","Op1","Kite"
"399","FIC11COF1_Kite","CWD",0,12,5,"Fn","FIC11_Kite","Op1","Kite"
"400","FIC11COF2_Kite","CLR",1,12,10,"Fn","FIC11_Kite","Clone A","Kite"
"401","FIC11COF2_Kite","CRBD",1,12,10,"Fn","FIC11_Kite","Clone A","Kite"
"402","FIC11COF2_Kite","CWD",1,12,10,"Fn","FIC11_Kite","Clone A","Kite"
"403","FIC11COF3_Kite","CLR",1,12,20,"Fn","FIC11_Kite","Clone F","Kite"
"404","FIC11COF3_Kite","CRBD",1,12,20,"Fn","FIC11_Kite","Clone F","Kite"
"405","FIC11COF3_Kite","CWD",1,12,20,"Fn","FIC11_Kite","Clone F","Kite"
"406","FIC12COF1_Kite","CLR",1,12,4,"Fn","FIC12_Kite","Op1","Kite"
"407","FIC12COF1_Kite","CRBD",1,12,4,"Fn","FIC12_Kite","Op1","Kite"
"408","FIC12COF1_Kite","CWD",0,12,4,"Fn","FIC12_Kite","Op1","Kite"
"409","FIC12COF2_Kite","CLR",1,12,10,"Fn","FIC12_Kite","Clone B","Kite"
"410","FIC12COF2_Kite","CRBD",1,12,10,"Fn","FIC12_Kite","Clone B","Kite"
"411","FIC12COF2_Kite","CWD",1,12,10,"Fn","FIC12_Kite","Clone B","Kite"
"412","FIC12COF3_Kite","CLR",1,12,20,"Fn","FIC12_Kite","Clone C","Kite"
"413","FIC12COF3_Kite","CRBD",1,12,20,"Fn","FIC12_Kite","Clone C","Kite"
"414","FIC12COF3_Kite","CWD",1,12,20,"Fn","FIC12_Kite","Clone C","Kite"
"415","FIC13COF1_Kyam","CLR",1,12,5,"Fn","FIC13_Kyam","Op2","Kyam"
"416","FIC13COF1_Kyam","CRBD",1,12,5,"Fn","FIC13_Kyam","Op2","Kyam"
"417","FIC13COF1_Kyam","CWD",1,12,5,"Fn","FIC13_Kyam","Op2","Kyam"
"418","FIC13COF2_Kyam","CLR",1,12,11,"Fn","FIC13_Kyam","Op2","Kyam"
"419","FIC13COF2_Kyam","CRBD",1,12,11,"Fn","FIC13_Kyam","Op2","Kyam"
"420","FIC13COF2_Kyam","CWD",1,12,11,"Fn","FIC13_Kyam","Op2","Kyam"
"421","FIC13COF3_Kyam","CLR",1,12,20,"Fn","FIC13_Kyam","Op2","Kyam"
"422","FIC13COF3_Kyam","CRBD",1,12,20,"Fn","FIC13_Kyam","Op2","Kyam"
"423","FIC13COF3_Kyam","CWD",1,12,20,"Fn","FIC13_Kyam","Op2","Kyam"
"424","FIC14COF1_Kyam","CLR",0,12,5,"Fn","FIC14_Kyam","Op2","Kyam"
"425","FIC14COF1_Kyam","CRBD",0,12,5,"Fn","FIC14_Kyam","Op2","Kyam"
"426","FIC14COF1_Kyam","CWD",0,12,5,"Fn","FIC14_Kyam","Op2","Kyam"
"427","FIC14COF2_Kyam","CLR",0,12,10,"Fn","FIC14_Kyam","Op2","Kyam"
"428","FIC14COF2_Kyam","CRBD",0,12,10,"Fn","FIC14_Kyam","Op2","Kyam"
"429","FIC14COF2_Kyam","CWD",0,12,10,"Fn","FIC14_Kyam","Op2","Kyam"
"430","FIC14COF3_Kyam","CLR",0,12,21,"Fn","FIC14_Kyam","Op2","Kyam"
"431","FIC14COF3_Kyam","CRBD",0,12,21,"Fn","FIC14_Kyam","Op2","Kyam"
"432","FIC14COF3_Kyam","CWD",0,12,21,"Fn","FIC14_Kyam","Op2","Kyam"
"433","FIC15COF1_Nonv","CLR",1,12,7,"Fn","FIC15_Nonv","Clone A","Nonv"
"434","FIC15COF1_Nonv","CRBD",1,12,7,"Fn","FIC15_Nonv","Clone A","Nonv"
"435","FIC15COF1_Nonv","CWD",0,12,7,"Fn","FIC15_Nonv","Clone A","Nonv"
"436","FIC15COF2_Nonv","CLR",1,12,11,"Fn","FIC15_Nonv","Clone C","Nonv"
"437","FIC15COF2_Nonv","CRBD",1,12,11,"Fn","FIC15_Nonv","Clone C","Nonv"
"438","FIC15COF2_Nonv","CWD",0,12,11,"Fn","FIC15_Nonv","Clone C","Nonv"
"439","FIC15COF3_Nonv","CLR",1,12,20,"Fn","FIC15_Nonv","Clone C","Nonv"
"440","FIC15COF3_Nonv","CRBD",1,12,20,"Fn","FIC15_Nonv","Clone C","Nonv"
"441","FIC15COF3_Nonv","CWD",0,12,20,"Fn","FIC15_Nonv","Clone C","Nonv"
"442","FIC16COF1_Nonv","CLR",1,12,7,"Fn","FIC16_Nonv","Clone A","Nonv"
"443","FIC16COF1_Nonv","CRBD",1,12,7,"Fn","FIC16_Nonv","Clone A","Nonv"
"444","FIC16COF1_Nonv","CWD",0,12,7,"Fn","FIC16_Nonv","Clone A","Nonv"
"445","FIC16COF2_Nonv","CLR",1,12,11,"Fn","FIC16_Nonv","Clone F","Nonv"
"446","FIC16COF2_Nonv","CRBD",1,12,11,"Fn","FIC16_Nonv","Clone F","Nonv"
"447","FIC16COF2_Nonv","CWD",0,12,11,"Fn","FIC16_Nonv","Clone F","Nonv"
"448","FIC16COF3_Nonv","CLR",1,12,20,"Fn","FIC16_Nonv","Clone C","Nonv"
"449","FIC16COF3_Nonv","CRBD",1,12,20,"Fn","FIC16_Nonv","Clone C","Nonv"
"450","FIC16COF3_Nonv","CWD",0,12,20,"Fn","FIC16_Nonv","Clone C","Nonv"
"451","FIC17COF1_Nonv","CLR",1,12,7,"Fn","FIC17_Nonv","Clone A","Nonv"
"452","FIC17COF1_Nonv","CRBD",1,12,7,"Fn","FIC17_Nonv","Clone A","Nonv"
"453","FIC17COF1_Nonv","CWD",0,12,7,"Fn","FIC17_Nonv","Clone A","Nonv"
"454","FIC17COF2_Nonv","CLR",1,12,10,"Fn","FIC17_Nonv","Clone C","Nonv"
"455","FIC17COF2_Nonv","CRBD",1,12,10,"Fn","FIC17_Nonv","Clone C","Nonv"
"456","FIC17COF2_Nonv","CWD",0,12,10,"Fn","FIC17_Nonv","Clone C","Nonv"
"457","FIC17COF3_Nonv","CLR",1,12,19,"Fn","FIC17_Nonv","Clone B","Nonv"
"458","FIC17COF3_Nonv","CRBD",1,12,19,"Fn","FIC17_Nonv","Clone B","Nonv"
"459","FIC17COF3_Nonv","CWD",0,12,19,"Fn","FIC17_Nonv","Clone B","Nonv"
"460","FIC18COF1_Kyam","CLR",1,12,6,"Fn","FIC18_Kyam","Clone C","Kyam"
"461","FIC18COF1_Kyam","CRBD",1,12,6,"Fn","FIC18_Kyam","Clone C","Kyam"
"462","FIC18COF1_Kyam","CWD",1,12,6,"Fn","FIC18_Kyam","Clone C","Kyam"
"463","FIC18COF2_Kyam","CLR",1,12,11,"Fn","FIC18_Kyam","Clone B","Kyam"
"464","FIC18COF2_Kyam","CRBD",1,12,11,"Fn","FIC18_Kyam","Clone B","Kyam"
"465","FIC18COF2_Kyam","CWD",1,12,11,"Fn","FIC18_Kyam","Clone B","Kyam"
"466","FIC18COF3_Kyam","CLR",1,12,20,"Fn","FIC18_Kyam","Clone C","Kyam"
"467","FIC18COF3_Kyam","CRBD",1,12,20,"Fn","FIC18_Kyam","Clone C","Kyam"
"468","FIC18COF3_Kyam","CWD",1,12,20,"Fn","FIC18_Kyam","Clone C","Kyam"
"469","FIC19COF1_Luwu","CLR",1,12,6,"Fn","FIC19_Luwu","Clone F","Luwu"
"470","FIC19COF1_Luwu","CRBD",1,12,6,"Fn","FIC19_Luwu","Clone F","Luwu"
"471","FIC19COF1_Luwu","CWD",0,12,6,"Fn","FIC19_Luwu","Clone F","Luwu"
"472","FIC19COF2_Luwu","CLR",1,12,11,"Fn","FIC19_Luwu","Clone A","Luwu"
"473","FIC19COF2_Luwu","CRBD",1,12,11,"Fn","FIC19_Luwu","Clone A","Luwu"
"474","FIC19COF2_Luwu","CWD",1,12,11,"Fn","FIC19_Luwu","Clone A","Luwu"
"475","FIC19COF3_Luwu","CLR",1,12,21,"Fn","FIC19_Luwu","Clone D","Luwu"
"476","FIC19COF3_Luwu","CRBD",1,12,21,"Fn","FIC19_Luwu","Clone D","Luwu"
"477","FIC19COF3_Luwu","CWD",1,12,21,"Fn","FIC19_Luwu","Clone D","Luwu"
"478","FIC1COF1_Kita","CLR",1,12,3,"Fn","FIC1_Kita","Op2","Kita"
"479","FIC1COF1_Kita","CRBD",1,12,3,"Fn","FIC1_Kita","Op2","Kita"
"480","FIC1COF1_Kita","CWD",1,12,3,"Fn","FIC1_Kita","Op2","Kita"
"481","FIC1COF1_Luwu","CLR",1,12,3,"Fn","FIC1_Luwu","Clone B","Luwu"
"482","FIC1COF1_Luwu","CRBD",1,12,3,"Fn","FIC1_Luwu","Clone B","Luwu"
"483","FIC1COF1_Luwu","CWD",1,12,3,"Fn","FIC1_Luwu","Clone B","Luwu"
"484","FIC1COF2_Kita","CLR",1,12,12,"Fn","FIC1_Kita","Op2","Kita"
"485","FIC1COF2_Kita","CRBD",1,12,12,"Fn","FIC1_Kita","Op2","Kita"
"486","FIC1COF2_Kita","CWD",1,12,12,"Fn","FIC1_Kita","Op2","Kita"
"487","FIC1COF2_Luwu","CLR",1,12,12,"Fn","FIC1_Luwu","Clone B","Luwu"
"488","FIC1COF2_Luwu","CRBD",1,12,12,"Fn","FIC1_Luwu","Clone B","Luwu"
"489","FIC1COF2_Luwu","CWD",1,12,12,"Fn","FIC1_Luwu","Clone B","Luwu"
"490","FIC1COF3_Kita","CLR",1,12,22,"Fn","FIC1_Kita","Op2","Kita"
"491","FIC1COF3_Kita","CRBD",1,12,22,"Fn","FIC1_Kita","Op2","Kita"
"492","FIC1COF3_Kita","CWD",1,12,22,"Fn","FIC1_Kita","Op2","Kita"
"493","FIC1COF3_Luwu","CLR",1,12,22,"Fn","FIC1_Luwu","Clone B","Luwu"
"494","FIC1COF3_Luwu","CRBD",1,12,22,"Fn","FIC1_Luwu","Clone B","Luwu"
"495","FIC1COF3_Luwu","CWD",1,12,22,"Fn","FIC1_Luwu","Clone B","Luwu"
"496","FIC20COF1_Luwu","CLR",1,12,6,"Fn","FIC20_Luwu","Clone A","Luwu"
"497","FIC20COF1_Luwu","CRBD",1,12,6,"Fn","FIC20_Luwu","Clone A","Luwu"
"498","FIC20COF1_Luwu","CWD",0,12,6,"Fn","FIC20_Luwu","Clone A","Luwu"
"499","FIC20COF2_Luwu","CLR",1,12,11,"Fn","FIC20_Luwu","Clone C","Luwu"
"500","FIC20COF2_Luwu","CRBD",1,12,11,"Fn","FIC20_Luwu","Clone C","Luwu"
"501","FIC20COF2_Luwu","CWD",1,12,11,"Fn","FIC20_Luwu","Clone C","Luwu"
"502","FIC20COF3_Luwu","CLR",1,12,18,"Fn","FIC20_Luwu","Clone F","Luwu"
"503","FIC20COF3_Luwu","CRBD",1,12,18,"Fn","FIC20_Luwu","Clone F","Luwu"
"504","FIC20COF3_Luwu","CWD",1,12,18,"Fn","FIC20_Luwu","Clone F","Luwu"
"505","FIC2COF1_Luwu","CLR",1,12,5,"Fn","FIC2_Luwu","Clone A","Luwu"
"506","FIC2COF1_Luwu","CRBD",1,12,5,"Fn","FIC2_Luwu","Clone A","Luwu"
"507","FIC2COF1_Luwu","CWD",1,12,5,"Fn","FIC2_Luwu","Clone A","Luwu"
"508","FIC2COF2_Luwu","CLR",1,12,11,"Fn","FIC2_Luwu","Clone A","Luwu"
"509","FIC2COF2_Luwu","CRBD",1,12,11,"Fn","FIC2_Luwu","Clone A","Luwu"
"510","FIC2COF2_Luwu","CWD",1,12,11,"Fn","FIC2_Luwu","Clone A","Luwu"
"511","FIC2COF3_Luwu","CLR",1,12,21,"Fn","FIC2_Luwu","Clone B","Luwu"
"512","FIC2COF3_Luwu","CRBD",1,12,21,"Fn","FIC2_Luwu","Clone B","Luwu"
"513","FIC2COF3_Luwu","CWD",1,12,21,"Fn","FIC2_Luwu","Clone B","Luwu"
"514","FIC3COF1_Kite","CLR",0,12,3,"Fn","FIC3_Kite","Op2","Kite"
"515","FIC3COF1_Kite","CRBD",0,12,3,"Fn","FIC3_Kite","Op2","Kite"
"516","FIC3COF1_Kite","CWD",0,12,3,"Fn","FIC3_Kite","Op2","Kite"
"517","FIC3COF2_Kite","CLR",0,12,11,"Fn","FIC3_Kite","Op2","Kite"
"518","FIC3COF2_Kite","CRBD",0,12,11,"Fn","FIC3_Kite","Op2","Kite"
"519","FIC3COF2_Kite","CWD",0,12,11,"Fn","FIC3_Kite","Op2","Kite"
"520","FIC3COF3_Kite","CLR",0,12,20,"Fn","FIC3_Kite","Op2","Kite"
"521","FIC3COF3_Kite","CRBD",0,12,20,"Fn","FIC3_Kite","Op2","Kite"
"522","FIC3COF3_Kite","CWD",0,12,20,"Fn","FIC3_Kite","Op2","Kite"
"523","FIC4COF1_Kita","CLR",1,12,3,"Fn","FIC4_Kita","Clone C","Kita"
"524","FIC4COF1_Kita","CRBD",1,12,3,"Fn","FIC4_Kita","Clone C","Kita"
"525","FIC4COF1_Kita","CWD",0,12,3,"Fn","FIC4_Kita","Clone C","Kita"
"526","FIC4COF2_Kita","CLR",1,12,10,"Fn","FIC4_Kita","Op1","Kita"
"527","FIC4COF2_Kita","CRBD",1,12,10,"Fn","FIC4_Kita","Op1","Kita"
"528","FIC4COF2_Kita","CWD",0,12,10,"Fn","FIC4_Kita","Op1","Kita"
"529","FIC4COF3_Kita","CLR",1,12,18,"Fn","FIC4_Kita","Clone C","Kita"
"530","FIC4COF3_Kita","CRBD",1,12,18,"Fn","FIC4_Kita","Clone C","Kita"
"531","FIC4COF3_Kita","CWD",1,12,18,"Fn","FIC4_Kita","Clone C","Kita"
"532","FIC5COF1_Kita","CLR",1,12,5,"Fn","FIC5_Kita","Clone C","Kita"
"533","FIC5COF1_Kita","CRBD",1,12,5,"Fn","FIC5_Kita","Clone C","Kita"
"534","FIC5COF1_Kita","CWD",1,12,5,"Fn","FIC5_Kita","Clone C","Kita"
"535","FIC5COF2_Kita","CLR",1,12,10,"Fn","FIC5_Kita","Clone C","Kita"
"536","FIC5COF2_Kita","CRBD",1,12,10,"Fn","FIC5_Kita","Clone C","Kita"
"537","FIC5COF2_Kita","CWD",0,12,10,"Fn","FIC5_Kita","Clone C","Kita"
"538","FIC5COF3_Kita","CLR",1,12,20,"Fn","FIC5_Kita","Op1","Kita"
"539","FIC5COF3_Kita","CRBD",1,12,20,"Fn","FIC5_Kita","Op1","Kita"
"540","FIC5COF3_Kita","CWD",1,12,20,"Fn","FIC5_Kita","Op1","Kita"
"541","FIC6COF1_Kyam","CLR",1,12,5,"Fn","FIC6_Kyam","Op2","Kyam"
"542","FIC6COF1_Kyam","CRBD",1,12,5,"Fn","FIC6_Kyam","Op2","Kyam"
"543","FIC6COF1_Kyam","CWD",1,12,5,"Fn","FIC6_Kyam","Op2","Kyam"
"544","FIC6COF2_Kyam","CLR",1,12,10,"Fn","FIC6_Kyam","Op2","Kyam"
"545","FIC6COF2_Kyam","CRBD",1,12,10,"Fn","FIC6_Kyam","Op2","Kyam"
"546","FIC6COF2_Kyam","CWD",1,12,10,"Fn","FIC6_Kyam","Op2","Kyam"
"547","FIC6COF3_Kyam","CLR",1,12,20,"Fn","FIC6_Kyam","Op2","Kyam"
"548","FIC6COF3_Kyam","CRBD",1,12,20,"Fn","FIC6_Kyam","Op2","Kyam"
"549","FIC6COF3_Kyam","CWD",1,12,20,"Fn","FIC6_Kyam","Op2","Kyam"
"550","FIC7COF1_Kyam","CLR",1,12,3,"Fn","FIC7_Kyam","Op2","Kyam"
"551","FIC7COF1_Kyam","CRBD",1,12,3,"Fn","FIC7_Kyam","Op2","Kyam"
"552","FIC7COF1_Kyam","CWD",0,12,3,"Fn","FIC7_Kyam","Op2","Kyam"
"553","FIC7COF2_Kyam","CLR",1,12,11,"Fn","FIC7_Kyam","Op2","Kyam"
"554","FIC7COF2_Kyam","CRBD",1,12,11,"Fn","FIC7_Kyam","Op2","Kyam"
"555","FIC7COF2_Kyam","CWD",1,12,11,"Fn","FIC7_Kyam","Op2","Kyam"
"556","FIC7COF3_Kyam","CLR",1,12,20,"Fn","FIC7_Kyam","Op2","Kyam"
"557","FIC7COF3_Kyam","CRBD",1,12,20,"Fn","FIC7_Kyam","Op2","Kyam"
"558","FIC7COF3_Kyam","CWD",1,12,20,"Fn","FIC7_Kyam","Op2","Kyam"
"559","FIC8COF1_Nonv","CLR",1,12,3,"Fn","FIC8_Nonv","Clone A","Nonv"
"560","FIC8COF1_Nonv","CRBD",1,12,3,"Fn","FIC8_Nonv","Clone A","Nonv"
"561","FIC8COF1_Nonv","CWD",0,12,3,"Fn","FIC8_Nonv","Clone A","Nonv"
"562","FIC8COF2_Nonv","CLR",1,12,10,"Fn","FIC8_Nonv","Op1","Nonv"
"563","FIC8COF2_Nonv","CRBD",1,12,10,"Fn","FIC8_Nonv","Op1","Nonv"
"564","FIC8COF2_Nonv","CWD",0,12,10,"Fn","FIC8_Nonv","Op1","Nonv"
"565","FIC8COF3_Nonv","CLR",1,12,20,"Fn","FIC8_Nonv","Clone C","Nonv"
"566","FIC8COF3_Nonv","CRBD",1,12,20,"Fn","FIC8_Nonv","Clone C","Nonv"
"567","FIC8COF3_Nonv","CWD",0,12,20,"Fn","FIC8_Nonv","Clone C","Nonv"
"568","FIC9COF1_Kita","CLR",1,12,5,"Fn","FIC9_Kita","Clone F","Kita"
"569","FIC9COF1_Kita","CRBD",1,12,5,"Fn","FIC9_Kita","Clone F","Kita"
"570","FIC9COF1_Kita","CWD",1,12,5,"Fn","FIC9_Kita","Clone F","Kita"
"571","FIC9COF2_Kita","CLR",1,12,10,"Fn","FIC9_Kita","Clone B","Kita"
"572","FIC9COF2_Kita","CRBD",1,12,10,"Fn","FIC9_Kita","Clone B","Kita"
"573","FIC9COF2_Kita","CWD",1,12,10,"Fn","FIC9_Kita","Clone B","Kita"
"574","FIC9COF3_Kita","CLR",1,12,20,"Fn","FIC9_Kita","Op1","Kita"
"575","FIC9COF3_Kita","CRBD",1,12,20,"Fn","FIC9_Kita","Op1","Kita"
"576","FIC9COF3_Kita","CWD",0,12,20,"Fn","FIC9_Kita","Op1","Kita"
"577","JAC10COF1_Nonv","CLR",1,12,5,"Ah","JAC10_Nonv","Clone B","Nonv"
"578","JAC10COF1_Nonv","CRBD",1,12,5,"Ah","JAC10_Nonv","Clone B","Nonv"
"579","JAC10COF1_Nonv","CWD",1,12,5,"Ah","JAC10_Nonv","Clone B","Nonv"
"580","JAC10COF2_Nonv","CLR",1,12,10,"Ah","JAC10_Nonv","Clone A","Nonv"
"581","JAC10COF2_Nonv","CRBD",1,12,10,"Ah","JAC10_Nonv","Clone A","Nonv"
"582","JAC10COF2_Nonv","CWD",1,12,10,"Ah","JAC10_Nonv","Clone A","Nonv"
"583","JAC10COF3_Nonv","CLR",1,12,22,"Ah","JAC10_Nonv","Clone A","Nonv"
"584","JAC10COF3_Nonv","CRBD",1,12,22,"Ah","JAC10_Nonv","Clone A","Nonv"
"585","JAC10COF3_Nonv","CWD",1,12,22,"Ah","JAC10_Nonv","Clone A","Nonv"
"586","JAC11COF1_Nonv","CLR",1,12,5,"Ah","JAC11_Nonv","Clone B","Nonv"
"587","JAC11COF1_Nonv","CRBD",1,12,5,"Ah","JAC11_Nonv","Clone B","Nonv"
"588","JAC11COF1_Nonv","CWD",0,12,5,"Ah","JAC11_Nonv","Clone B","Nonv"
"589","JAC11COF2_Nonv","CLR",1,12,10,"Ah","JAC11_Nonv","Clone B","Nonv"
"590","JAC11COF2_Nonv","CRBD",1,12,10,"Ah","JAC11_Nonv","Clone B","Nonv"
"591","JAC11COF2_Nonv","CWD",1,12,10,"Ah","JAC11_Nonv","Clone B","Nonv"
"592","JAC11COF3_Nonv","CLR",1,12,20,"Ah","JAC11_Nonv","Clone B","Nonv"
"593","JAC11COF3_Nonv","CRBD",1,12,20,"Ah","JAC11_Nonv","Clone B","Nonv"
"594","JAC11COF3_Nonv","CWD",1,12,20,"Ah","JAC11_Nonv","Clone B","Nonv"
"595","JAC12COF1_Nonv","CLR",1,12,5,"Ah","JAC12_Nonv","Clone F","Nonv"
"596","JAC12COF1_Nonv","CRBD",1,12,5,"Ah","JAC12_Nonv","Clone F","Nonv"
"597","JAC12COF1_Nonv","CWD",0,12,5,"Ah","JAC12_Nonv","Clone F","Nonv"
"598","JAC12COF2_Nonv","CLR",1,12,11,"Ah","JAC12_Nonv","Clone A","Nonv"
"599","JAC12COF2_Nonv","CRBD",1,12,11,"Ah","JAC12_Nonv","Clone A","Nonv"
"600","JAC12COF2_Nonv","CWD",1,12,11,"Ah","JAC12_Nonv","Clone A","Nonv"
"601","JAC12COF3_Nonv","CLR",1,12,20,"Ah","JAC12_Nonv","Clone C","Nonv"
"602","JAC12COF3_Nonv","CRBD",1,12,20,"Ah","JAC12_Nonv","Clone C","Nonv"
"603","JAC12COF3_Nonv","CWD",0,12,20,"Ah","JAC12_Nonv","Clone C","Nonv"
"604","JAC13COF1_Nonv","CLR",1,12,3,"Ah","JAC13_Nonv","Clone C","Nonv"
"605","JAC13COF1_Nonv","CRBD",1,12,3,"Ah","JAC13_Nonv","Clone C","Nonv"
"606","JAC13COF1_Nonv","CWD",1,12,3,"Ah","JAC13_Nonv","Clone C","Nonv"
"607","JAC13COF2_Nonv","CLR",1,12,10,"Ah","JAC13_Nonv","Clone F","Nonv"
"608","JAC13COF2_Nonv","CRBD",1,12,10,"Ah","JAC13_Nonv","Clone F","Nonv"
"609","JAC13COF2_Nonv","CWD",1,12,10,"Ah","JAC13_Nonv","Clone F","Nonv"
"610","JAC13COF3_Nonv","CLR",1,12,20,"Ah","JAC13_Nonv","Clone C","Nonv"
"611","JAC13COF3_Nonv","CRBD",1,12,20,"Ah","JAC13_Nonv","Clone C","Nonv"
"612","JAC13COF3_Nonv","CWD",1,12,20,"Ah","JAC13_Nonv","Clone C","Nonv"
"613","JAC14COF1_Kita","CLR",1,12,6,"Ah","JAC14_Kita","Clone B","Kita"
"614","JAC14COF1_Kita","CRBD",1,12,6,"Ah","JAC14_Kita","Clone B","Kita"
"615","JAC14COF1_Kita","CWD",1,12,6,"Ah","JAC14_Kita","Clone B","Kita"
"616","JAC14COF2_Kita","CLR",1,12,10,"Ah","JAC14_Kita","Clone B","Kita"
"617","JAC14COF2_Kita","CRBD",1,12,10,"Ah","JAC14_Kita","Clone B","Kita"
"618","JAC14COF2_Kita","CWD",1,12,10,"Ah","JAC14_Kita","Clone B","Kita"
"619","JAC14COF3_Kita","CLR",1,12,21,"Ah","JAC14_Kita","Clone B","Kita"
"620","JAC14COF3_Kita","CRBD",1,12,21,"Ah","JAC14_Kita","Clone B","Kita"
"621","JAC14COF3_Kita","CWD",0,12,21,"Ah","JAC14_Kita","Clone B","Kita"
"622","JAC15COF1_Kita","CLR",1,12,5,"Ah","JAC15_Kita","Clone F","Kita"
"623","JAC15COF1_Kita","CRBD",1,12,5,"Ah","JAC15_Kita","Clone F","Kita"
"624","JAC15COF1_Kita","CWD",1,12,5,"Ah","JAC15_Kita","Clone F","Kita"
"625","JAC15COF2_Kita","CLR",1,12,10,"Ah","JAC15_Kita","Clone A","Kita"
"626","JAC15COF2_Kita","CRBD",1,12,10,"Ah","JAC15_Kita","Clone A","Kita"
"627","JAC15COF2_Kita","CWD",1,12,10,"Ah","JAC15_Kita","Clone A","Kita"
"628","JAC15COF3_Kita","CLR",1,12,20,"Ah","JAC15_Kita","Clone F","Kita"
"629","JAC15COF3_Kita","CRBD",1,12,20,"Ah","JAC15_Kita","Clone F","Kita"
"630","JAC15COF3_Kita","CWD",0,12,20,"Ah","JAC15_Kita","Clone F","Kita"
"631","JAC16COF1_Kyam","CLR",1,12,3,"Ah","JAC16_Kyam","Op2","Kyam"
"632","JAC16COF1_Kyam","CRBD",1,12,3,"Ah","JAC16_Kyam","Op2","Kyam"
"633","JAC16COF1_Kyam","CWD",1,12,3,"Ah","JAC16_Kyam","Op2","Kyam"
"634","JAC16COF2_Kyam","CLR",1,12,10,"Ah","JAC16_Kyam","Op2","Kyam"
"635","JAC16COF2_Kyam","CRBD",1,12,10,"Ah","JAC16_Kyam","Op2","Kyam"
"636","JAC16COF2_Kyam","CWD",0,12,10,"Ah","JAC16_Kyam","Op2","Kyam"
"637","JAC16COF3_Kyam","CLR",1,12,18,"Ah","JAC16_Kyam","Op2","Kyam"
"638","JAC16COF3_Kyam","CRBD",1,12,18,"Ah","JAC16_Kyam","Op2","Kyam"
"639","JAC16COF3_Kyam","CWD",0,12,18,"Ah","JAC16_Kyam","Op2","Kyam"
"640","JAC17COF1_Kyam","CLR",1,12,6,"Ah","JAC17_Kyam","Op2","Kyam"
"641","JAC17COF1_Kyam","CRBD",1,12,6,"Ah","JAC17_Kyam","Op2","Kyam"
"642","JAC17COF1_Kyam","CWD",1,12,6,"Ah","JAC17_Kyam","Op2","Kyam"
"643","JAC17COF2_Kyam","CLR",1,12,10,"Ah","JAC17_Kyam","Op2","Kyam"
"644","JAC17COF2_Kyam","CRBD",1,12,10,"Ah","JAC17_Kyam","Op2","Kyam"
"645","JAC17COF2_Kyam","CWD",0,12,10,"Ah","JAC17_Kyam","Op2","Kyam"
"646","JAC17COF3_Kyam","CLR",1,12,20,"Ah","JAC17_Kyam","Op2","Kyam"
"647","JAC17COF3_Kyam","CRBD",1,12,20,"Ah","JAC17_Kyam","Op2","Kyam"
"648","JAC17COF3_Kyam","CWD",1,12,20,"Ah","JAC17_Kyam","Op2","Kyam"
"649","JAC18COF1_Kyam","CLR",1,12,5,"Ah","JAC18_Kyam","Op2","Kyam"
"650","JAC18COF1_Kyam","CRBD",1,12,5,"Ah","JAC18_Kyam","Op2","Kyam"
"651","JAC18COF1_Kyam","CWD",0,12,5,"Ah","JAC18_Kyam","Op2","Kyam"
"652","JAC18COF2_Kyam","CLR",1,12,10,"Ah","JAC18_Kyam","Op2","Kyam"
"653","JAC18COF2_Kyam","CRBD",1,12,10,"Ah","JAC18_Kyam","Op2","Kyam"
"654","JAC18COF2_Kyam","CWD",1,12,10,"Ah","JAC18_Kyam","Op2","Kyam"
"655","JAC18COF3_Kyam","CLR",1,12,20,"Ah","JAC18_Kyam","Op2","Kyam"
"656","JAC18COF3_Kyam","CRBD",1,12,20,"Ah","JAC18_Kyam","Op2","Kyam"
"657","JAC18COF3_Kyam","CWD",1,12,20,"Ah","JAC18_Kyam","Op2","Kyam"
"658","JAC19COF1_Luwu","CLR",1,12,3,"Ah","JAC19_Luwu","Clone H","Luwu"
"659","JAC19COF1_Luwu","CRBD",1,12,3,"Ah","JAC19_Luwu","Clone H","Luwu"
"660","JAC19COF1_Luwu","CWD",1,12,3,"Ah","JAC19_Luwu","Clone H","Luwu"
"661","JAC19COF2_Luwu","CLR",1,12,9,"Ah","JAC19_Luwu","Clone A","Luwu"
"662","JAC19COF2_Luwu","CRBD",1,12,9,"Ah","JAC19_Luwu","Clone A","Luwu"
"663","JAC19COF2_Luwu","CWD",0,12,9,"Ah","JAC19_Luwu","Clone A","Luwu"
"664","JAC19COF3_Luwu","CLR",1,12,20,"Ah","JAC19_Luwu","Clone B","Luwu"
"665","JAC19COF3_Luwu","CRBD",1,12,20,"Ah","JAC19_Luwu","Clone B","Luwu"
"666","JAC19COF3_Luwu","CWD",0,12,20,"Ah","JAC19_Luwu","Clone B","Luwu"
"667","JAC1COF1_Kite","CLR",1,12,5,"Ah","JAC1_Kite","Clone A","Kite"
"668","JAC1COF1_Kite","CRBD",1,12,5,"Ah","JAC1_Kite","Clone A","Kite"
"669","JAC1COF1_Kite","CWD",1,12,5,"Ah","JAC1_Kite","Clone A","Kite"
"670","JAC1COF2_Kite","CLR",1,12,11,"Ah","JAC1_Kite","Clone B","Kite"
"671","JAC1COF2_Kite","CRBD",1,12,11,"Ah","JAC1_Kite","Clone B","Kite"
"672","JAC1COF2_Kite","CWD",0,12,11,"Ah","JAC1_Kite","Clone B","Kite"
"673","JAC1COF3_Kite","CLR",1,12,20,"Ah","JAC1_Kite","Clone C","Kite"
"674","JAC1COF3_Kite","CRBD",1,12,20,"Ah","JAC1_Kite","Clone C","Kite"
"675","JAC1COF3_Kite","CWD",0,12,20,"Ah","JAC1_Kite","Clone C","Kite"
"676","JAC20COF1_Luwu","CLR",1,12,4,"Ah","JAC20_Luwu","Clone A","Luwu"
"677","JAC20COF1_Luwu","CRBD",1,12,4,"Ah","JAC20_Luwu","Clone A","Luwu"
"678","JAC20COF1_Luwu","CWD",0,12,4,"Ah","JAC20_Luwu","Clone A","Luwu"
"679","JAC20COF2_Luwu","CLR",1,12,10,"Ah","JAC20_Luwu","Clone D","Luwu"
"680","JAC20COF2_Luwu","CRBD",1,12,10,"Ah","JAC20_Luwu","Clone D","Luwu"
"681","JAC20COF2_Luwu","CWD",1,12,10,"Ah","JAC20_Luwu","Clone D","Luwu"
"682","JAC20COF3_Luwu","CLR",1,12,21,"Ah","JAC20_Luwu","Clone A","Luwu"
"683","JAC20COF3_Luwu","CRBD",1,12,21,"Ah","JAC20_Luwu","Clone A","Luwu"
"684","JAC20COF3_Luwu","CWD",1,12,21,"Ah","JAC20_Luwu","Clone A","Luwu"
"685","JAC21COF1_Luwu","CLR",1,12,4,"Ah","JAC21_Luwu","Clone B","Luwu"
"686","JAC21COF1_Luwu","CRBD",1,12,4,"Ah","JAC21_Luwu","Clone B","Luwu"
"687","JAC21COF1_Luwu","CWD",0,12,4,"Ah","JAC21_Luwu","Clone B","Luwu"
"688","JAC21COF2_Luwu","CLR",1,12,10,"Ah","JAC21_Luwu","Clone D","Luwu"
"689","JAC21COF2_Luwu","CRBD",1,12,10,"Ah","JAC21_Luwu","Clone D","Luwu"
"690","JAC21COF2_Luwu","CWD",0,12,10,"Ah","JAC21_Luwu","Clone D","Luwu"
"691","JAC21COF3_Luwu","CLR",1,12,20,"Ah","JAC21_Luwu","Clone B","Luwu"
"692","JAC21COF3_Luwu","CRBD",1,12,20,"Ah","JAC21_Luwu","Clone B","Luwu"
"693","JAC21COF3_Luwu","CWD",0,12,20,"Ah","JAC21_Luwu","Clone B","Luwu"
"694","JAC22COF1_Luwu","CLR",1,12,3,"Ah","JAC22_Luwu","Clone B","Luwu"
"695","JAC22COF1_Luwu","CRBD",1,12,3,"Ah","JAC22_Luwu","Clone B","Luwu"
"696","JAC22COF1_Luwu","CWD",1,12,3,"Ah","JAC22_Luwu","Clone B","Luwu"
"697","JAC22COF2_Luwu","CLR",1,12,10,"Ah","JAC22_Luwu","Op1","Luwu"
"698","JAC22COF2_Luwu","CRBD",1,12,10,"Ah","JAC22_Luwu","Op1","Luwu"
"699","JAC22COF2_Luwu","CWD",1,12,10,"Ah","JAC22_Luwu","Op1","Luwu"
"700","JAC22COF3_Luwu","CLR",1,12,20,"Ah","JAC22_Luwu","Clone B","Luwu"
"701","JAC22COF3_Luwu","CRBD",1,12,20,"Ah","JAC22_Luwu","Clone B","Luwu"
"702","JAC22COF3_Luwu","CWD",1,12,20,"Ah","JAC22_Luwu","Clone B","Luwu"
"703","JAC2COF1_Kite","CLR",1,12,0,"Ah","JAC2_Kite","Clone C","Kite"
"704","JAC2COF1_Kite","CRBD",1,12,0,"Ah","JAC2_Kite","Clone C","Kite"
"705","JAC2COF1_Kite","CWD",0,12,0,"Ah","JAC2_Kite","Clone C","Kite"
"706","JAC2COF2_Kite","CLR",1,12,10,"Ah","JAC2_Kite","Clone B","Kite"
"707","JAC2COF2_Kite","CRBD",1,12,10,"Ah","JAC2_Kite","Clone B","Kite"
"708","JAC2COF2_Kite","CWD",0,12,10,"Ah","JAC2_Kite","Clone B","Kite"
"709","JAC2COF3_Kite","CLR",1,12,20,"Ah","JAC2_Kite","Op1","Kite"
"710","JAC2COF3_Kite","CRBD",1,12,20,"Ah","JAC2_Kite","Op1","Kite"
"711","JAC2COF3_Kite","CWD",0,12,20,"Ah","JAC2_Kite","Op1","Kite"
"712","JAC3COF1_Kite","CLR",1,12,3,"Ah","JAC3_Kite","Clone B","Kite"
"713","JAC3COF1_Kite","CRBD",1,12,3,"Ah","JAC3_Kite","Clone B","Kite"
"714","JAC3COF1_Kite","CWD",0,12,3,"Ah","JAC3_Kite","Clone B","Kite"
"715","JAC3COF2_Kite","CLR",1,12,12,"Ah","JAC3_Kite","Clone C","Kite"
"716","JAC3COF2_Kite","CRBD",1,12,12,"Ah","JAC3_Kite","Clone C","Kite"
"717","JAC3COF2_Kite","CWD",1,12,12,"Ah","JAC3_Kite","Clone C","Kite"
"718","JAC3COF3_Kite","CLR",1,12,20,"Ah","JAC3_Kite","Clone C","Kite"
"719","JAC3COF3_Kite","CRBD",1,12,20,"Ah","JAC3_Kite","Clone C","Kite"
"720","JAC3COF3_Kite","CWD",0,12,20,"Ah","JAC3_Kite","Clone C","Kite"
"721","JAC5COF1_Kite","CLR",1,12,5,"Ah","JAC5_Kite","Clone B","Kite"
"722","JAC5COF1_Kite","CRBD",1,12,5,"Ah","JAC5_Kite","Clone B","Kite"
"723","JAC5COF1_Kite","CWD",0,12,5,"Ah","JAC5_Kite","Clone B","Kite"
"724","JAC5COF2_Kite","CLR",1,12,10,"Ah","JAC5_Kite","Clone F","Kite"
"725","JAC5COF2_Kite","CRBD",1,12,10,"Ah","JAC5_Kite","Clone F","Kite"
"726","JAC5COF2_Kite","CWD",0,12,10,"Ah","JAC5_Kite","Clone F","Kite"
"727","JAC5COF3_Kite","CLR",1,12,20,"Ah","JAC5_Kite","Clone A","Kite"
"728","JAC5COF3_Kite","CRBD",1,12,20,"Ah","JAC5_Kite","Clone A","Kite"
"729","JAC5COF3_Kite","CWD",0,12,20,"Ah","JAC5_Kite","Clone A","Kite"
"730","JAC6COF1_Kita","CLR",1,12,5,"Ah","JAC6_Kita","Clone A","Kita"
"731","JAC6COF1_Kita","CRBD",1,12,5,"Ah","JAC6_Kita","Clone A","Kita"
"732","JAC6COF1_Kita","CWD",0,12,5,"Ah","JAC6_Kita","Clone A","Kita"
"733","JAC6COF2_Kita","CLR",1,12,10,"Ah","JAC6_Kita","Clone C","Kita"
"734","JAC6COF2_Kita","CRBD",1,12,10,"Ah","JAC6_Kita","Clone C","Kita"
"735","JAC6COF2_Kita","CWD",0,12,10,"Ah","JAC6_Kita","Clone C","Kita"
"736","JAC6COF3_Kita","CLR",1,12,21,"Ah","JAC6_Kita","Clone B","Kita"
"737","JAC6COF3_Kita","CRBD",1,12,21,"Ah","JAC6_Kita","Clone B","Kita"
"738","JAC6COF3_Kita","CWD",0,12,21,"Ah","JAC6_Kita","Clone B","Kita"
"739","JAC7COF1_Kita","CLR",1,12,3,"Ah","JAC7_Kita","Clone C","Kita"
"740","JAC7COF1_Kita","CRBD",1,12,3,"Ah","JAC7_Kita","Clone C","Kita"
"741","JAC7COF1_Kita","CWD",1,12,3,"Ah","JAC7_Kita","Clone C","Kita"
"742","JAC7COF2_Kita","CLR",0,12,10,"Ah","JAC7_Kita","Clone A","Kita"
"743","JAC7COF2_Kita","CRBD",1,12,10,"Ah","JAC7_Kita","Clone A","Kita"
"744","JAC7COF2_Kita","CWD",1,12,10,"Ah","JAC7_Kita","Clone A","Kita"
"745","JAC7COF3_Kita","CLR",1,12,20,"Ah","JAC7_Kita","Clone A","Kita"
"746","JAC7COF3_Kita","CRBD",1,12,20,"Ah","JAC7_Kita","Clone A","Kita"
"747","JAC7COF3_Kita","CWD",1,12,20,"Ah","JAC7_Kita","Clone A","Kita"
"748","JAC8COF1_Kyam","CLR",1,12,3,"Ah","JAC8_Kyam","Op2","Kyam"
"749","JAC8COF1_Kyam","CRBD",1,12,3,"Ah","JAC8_Kyam","Op2","Kyam"
"750","JAC8COF1_Kyam","CWD",1,12,3,"Ah","JAC8_Kyam","Op2","Kyam"
"751","JAC8COF2_Kyam","CLR",1,12,10,"Ah","JAC8_Kyam","Op2","Kyam"
"752","JAC8COF2_Kyam","CRBD",1,12,10,"Ah","JAC8_Kyam","Op2","Kyam"
"753","JAC8COF2_Kyam","CWD",1,12,10,"Ah","JAC8_Kyam","Op2","Kyam"
"754","JAC8COF3_Kyam","CLR",1,12,19,"Ah","JAC8_Kyam","Op2","Kyam"
"755","JAC8COF3_Kyam","CRBD",1,12,19,"Ah","JAC8_Kyam","Op2","Kyam"
"756","JAC8COF3_Kyam","CWD",0,12,19,"Ah","JAC8_Kyam","Op2","Kyam"
"757","JAC9COF1_Nonv","CLR",1,12,5,"Ah","JAC9_Nonv","Clone C","Nonv"
"758","JAC9COF1_Nonv","CRBD",1,12,5,"Ah","JAC9_Nonv","Clone C","Nonv"
"759","JAC9COF1_Nonv","CWD",1,12,5,"Ah","JAC9_Nonv","Clone C","Nonv"
"760","JAC9COF2_Nonv","CLR",1,12,10,"Ah","JAC9_Nonv","Clone F","Nonv"
"761","JAC9COF2_Nonv","CRBD",1,12,10,"Ah","JAC9_Nonv","Clone F","Nonv"
"762","JAC9COF2_Nonv","CWD",0,12,10,"Ah","JAC9_Nonv","Clone F","Nonv"
"763","JAC9COF3_Nonv","CLR",1,12,20,"Ah","JAC9_Nonv","Clone B","Nonv"
"764","JAC9COF3_Nonv","CRBD",1,12,20,"Ah","JAC9_Nonv","Clone B","Nonv"
"765","JAC9COF3_Nonv","CWD",0,12,20,"Ah","JAC9_Nonv","Clone B","Nonv"
